r,n_r,m,N_paths_log10,G_re,G_im,abs_G,r_abs_G,abs_Gmix_minus_G,tri_full,r_tri_full,abs_D_at_0,max_absH_all_j,argmax_absH_all_j,argmax_absterm_all_j,L_d0.5,jmax_d0.5,S_d0.5,r_S_d0.5,max_absH_window_d0.5,min_absH_window_d0.5,trunc_bound_d0.5,abs_signed_trunc_d0.5,abs_signed_trunc_minus_G_d0.5,weight_in_window_d0.5,ratio_S_over_absG_d0.5,ratio_full_over_S_d0.5,L_d1,jmax_d1,S_d1,r_S_d1,max_absH_window_d1,min_absH_window_d1,trunc_bound_d1,abs_signed_trunc_d1,abs_signed_trunc_minus_G_d1,weight_in_window_d1,ratio_S_over_absG_d1,ratio_full_over_S_d1,seconds
14,0,10,0.0,0.9243934767657638,0.3814402969180147,0.9999999999999999,13.999999999999998,5.551115123125783e-17,1.0,14.0,0.9999999999999998,1.0000000000000002,0,0,16,0,1.0,14.0,1.0000000000000002,1.0000000000000002,0.07636035483212125,0.9999999999999999,5.551115123125783e-17,1.0,1.0000000000000002,1.0,22,0,1.0,14.0,1.0000000000000002,1.0000000000000002,0.02040816326530612,0.9999999999999999,5.551115123125783e-17,1.0,1.0000000000000002,1.0,0.0031097999890334904
15,0,11,0.0,0.924222347825362,0.38185475220321086,0.9999999999999999,14.999999999999998,1.5700924586837752e-16,1.0,15.0,0.9999999999999998,1.0000000000000002,0,0,17,0,1.0,15.0,1.0000000000000002,1.0000000000000002,0.06885303726590963,1.0,1.5700924586837752e-16,1.0,1.0000000000000002,1.0,22,0,1.0,15.0,1.0000000000000002,1.0000000000000002,0.017777777777777778,1.0,1.5700924586837752e-16,1.0,1.0000000000000002,1.0,0.0012152999988757074
16,1,12,1.2041199826559248,0.9021858157320145,0.42517251028537584,0.9973519487174066,15.957631179478506,1.1102230246251565e-16,0.9993101585890298,15.988962537424477,0.9999999999999998,1.0,1,0,17,1,0.9993101585890298,15.988962537424477,1.0,0.9998817378675945,0.0625,0.9973519487174065,1.1102230246251565e-16,1.0,1.0019634090795546,1.0,23,1,0.9993101585890298,15.988962537424477,1.0,0.9998817378675945,0.015625,0.9973519487174065,1.1102230246251565e-16,1.0,1.0019634090795546,1.0,0.00044329999946057796
17,1,13,1.230448921378275,0.9033113230303284,0.42298989356705324,0.9974426281118475,16.956524677901406,3.3766115072321297e-16,0.9993465433539401,16.988891237016983,0.9999999999999998,0.9999999999999998,1,0,18,1,0.9993465433539401,16.988891237016983,0.9999999999999998,0.9998853503079724,0.057067205890901876,0.9974426281118471,3.3766115072321297e-16,1.0,1.0019087967452291,1.0,23,1,0.9993465433539401,16.988891237016983,0.9999999999999998,0.9998853503079724,0.01384083044982699,0.9974426281118471,3.3766115072321297e-16,1.0,1.0019087967452291,1.0,0.0005539999983739108
18,2,14,2.232996110392153,0.8744682454401147,0.4685009752849629,0.9920624355987249,17.85712384077705,2.2887833992611187e-16,0.9980951975073611,17.9657135551325,0.9999999999999998,1.0,2,0,18,2,0.9980951975073611,17.9657135551325,1.0,0.9995564021776813,0.05237828008789241,0.9920624355987246,2.2887833992611187e-16,1.0,1.006081030479695,1.0,24,2,0.9980951975073611,17.9657135551325,1.0,0.9995564021776813,0.012345679012345678,0.9920624355987246,2.2887833992611187e-16,1.0,1.006081030479695,1.0,0.00045200000749900937
19,3,15,3.123851640967086,0.8346708769799771,0.517081665779265,0.9818599299103633,18.655338668296903,2.482534153247273e-16,0.9957476593250896,18.9192055271767,0.9999999999999998,0.9999999999999999,3,0,18,3,0.9957476593250896,18.9192055271767,0.9999999999999999,0.9982869618153238,0.04829804923590774,0.9818599299103635,2.482534153247273e-16,0.9999999999999999,1.0141443081560464,1.0,24,3,0.9957476593250896,18.9192055271767,0.9999999999999999,0.9982869618153238,0.0110803324099723,0.9818599299103635,2.482534153247273e-16,0.9999999999999999,1.0141443081560464,1.0,0.00044520001392811537
20,3,16,3.187520720836461,0.840647436016365,0.5095838014340799,0.9830380269170141,19.660760538340284,2.482534153247273e-16,0.9960614456201559,19.921228912403116,0.9999999999999998,1.0000000000000002,3,0,19,3,0.9960614456201559,19.921228912403116,1.0000000000000002,0.9983453961498528,0.044721359549995794,0.9830380269170144,2.482534153247273e-16,1.0,1.0132481331815673,1.0,25,3,0.9960614456201559,19.921228912403116,1.0000000000000002,0.9983453961498528,0.01,0.9830380269170144,2.482534153247273e-16,1.0,1.0132481331815673,1.0,0.00042890000622719526
21,4,17,4.026369811573718,0.7919963264506286,0.5552038017621801,0.9672173709164186,20.31156478924479,4.577566798522237e-16,0.9921075112027781,20.83425773525834,0.9999999999999998,0.9999999999999997,4,0,19,4,0.9921075112027781,20.83425773525834,0.9999999999999997,0.9936365903121566,0.04156531242590331,0.967217370916419,4.577566798522237e-16,1.0,1.0257337606155446,1.0,25,4,0.9921075112027781,20.83425773525834,0.9999999999999997,0.9936365903121566,0.009070294784580499,0.967217370916419,4.577566798522237e-16,1.0,1.0257337606155446,1.0,0.00048290000995621085
22,4,18,4.102090525511835,0.8011921759261121,0.5461106482220848,0.9696111297147758,21.331444853725067,4.577566798522237e-16,0.9927528379786329,21.840562435529925,0.9999999999999998,0.9999999999999997,4,0,19,4,0.9927528379786329,21.840562435529925,0.9999999999999997,0.993853992625372,0.03876376661011099,0.9696111297147763,4.577566798522237e-16,0.9999999999999999,1.02386699941312,1.0,25,4,0.9927528379786329,21.840562435529925,0.9999999999999997,0.993853992625372,0.008264462809917356,0.9696111297147763,4.577566798522237e-16,0.9999999999999999,1.02386699941312,1.0,0.0004634000069927424
23,5,19,4.9070349524834205,0.7452292203181886,0.5860762579403163,0.9480780405311471,21.805794932216383,2.220446049250313e-16,0.9863239827098002,22.685451602325404,0.9999999999999998,1.0,5,0,19,5,0.9863239827098002,22.685451602325404,1.0,0.9766935654475695,0.03626337635775213,0.9480780405311472,2.220446049250313e-16,1.0,1.0403404999837633,1.0,26,5,0.9863239827098002,22.685451602325404,1.0,0.9766935654475695,0.007561436672967864,0.9480780405311472,2.220446049250313e-16,1.0,1.0403404999837633,1.0,0.0005050000036135316
24,6,20,5.676711895323349,0.6791345431228797,0.6192261569747282,0.9190564515547525,22.057354837314058,2.482534153247273e-16,0.9751305841155417,23.403134018773,0.9999999999999998,0.9999999999999998,6,0,20,6,0.9751305841155417,23.403134018773,0.9999999999999998,0.9168462101582218,0.034020690871988585,0.9190564515547528,2.482534153247273e-16,0.9999999999999999,1.0610127184961593,1.0,26,6,0.9751305841155417,23.403134018773,0.9999999999999998,0.9168462101582218,0.006944444444444444,0.9190564515547528,2.482534153247273e-16,0.9999999999999999,1.0610127184961593,1.0,0.0005372999876271933
25,6,21,5.773621908331415,0.6968446010286095,0.6091225529382215,0.9255391307128502,23.138478267821256,2.220446049250313e-16,0.9775862758804668,24.43965689701167,0.9999999999999998,0.9999999999999998,6,0,20,6,0.9775862758804668,24.43965689701167,0.9999999999999998,0.9197216586842396,0.032,0.9255391307128503,2.220446049250313e-16,1.0,1.0562344080768684,1.0,26,6,0.9775862758804668,24.43965689701167,0.9999999999999998,0.9197216586842396,0.0064,0.9255391307128503,2.220446049250313e-16,1.0,1.0562344080768684,1.0,0.0005828000139445066
26,7,22,6.527095531799293,0.6283452520797242,0.6337140617183202,0.8924187737999818,23.202888118799528,1.5700924586837752e-16,0.9616204564421748,25.002131867496544,0.9999999999999998,0.9999999999999999,7,0,20,7,0.9616204564421748,25.002131867496544,0.9999999999999999,0.7845695998164519,0.03017171309818216,0.892418773799982,1.5700924586837752e-16,1.0,1.0775439565749243,1.0,27,7,0.9616204564421748,25.002131867496544,0.9999999999999999,0.7845695998164519,0.005917159763313609,0.892418773799982,1.5700924586837752e-16,1.0,1.0775439565749243,1.0,0.000611600000411272
27,7,23,6.630636123706362,0.6489508483213535,0.6248111470455,0.9008474748864637,24.32288182193452,1.5700924586837752e-16,0.9655196028545607,26.069029277073138,0.9999999999999998,1.0,7,0,20,7,0.9655196028545607,26.069029277073138,1.0,0.7926079901670154,0.028511124404425964,0.9008474748864638,1.5700924586837752e-16,1.0,1.071790319417,1.0,27,7,0.9655196028545607,26.069029277073138,1.0,0.7926079901670154,0.0054869684499314125,0.9008474748864638,1.5700924586837752e-16,1.0,1.071790319417,1.0,0.0005827000131830573
28,8,24,7.371729333947963,0.5801906335015887,0.641399392445718,0.8648782294824577,24.216590425508816,2.482534153247273e-16,0.9448136596574804,26.45478247040945,0.9999999999999998,0.9999999999999997,8,1,21,8,0.9448136596574804,26.45478247040945,0.9999999999999997,0.6310337248235042,0.026997462357801944,0.8648782294824581,2.482534153247273e-16,1.0,1.0924239129280153,1.0,27,8,0.9448136596574804,26.45478247040945,0.9999999999999997,0.6310337248235042,0.00510204081632653,0.8648782294824581,2.482534153247273e-16,1.0,1.0924239129280153,1.0,0.0006568999961018562
29,8,25,7.480873803373037,0.6030246207582458,0.6341539126308129,0.8750942110113601,25.377732119329444,3.3306690738754696e-16,0.9504021126934831,27.56166126811101,0.9999999999999998,0.9999999999999998,8,0,21,8,0.9504021126934831,27.56166126811101,0.9999999999999998,0.6430559456585899,0.025613150093386463,0.8750942110113603,3.3306690738754696e-16,1.0,1.086056907627224,1.0,28,8,0.9504021126934831,27.56166126811101,0.9999999999999998,0.6430559456585899,0.0047562425683709865,0.8750942110113603,3.3306690738754696e-16,1.0,1.086056907627224,1.0,0.0006816000095568597
30,9,26,8.21221861671856,0.5355284043848323,0.6436952633982014,0.8373376045683392,25.120128137050173,1.1102230246251565e-16,0.9255326234302242,27.76597870290673,0.9999999999999998,0.9999999999999997,9,1,21,9,0.9255326234302242,27.76597870290673,0.9999999999999997,0.5190060092841398,0.024343224778007384,0.8373376045683392,1.1102230246251565e-16,0.9999999999999998,1.1053279088156456,1.0,28,9,0.9255326234302242,27.76597870290673,0.9999999999999997,0.5190060092841398,0.0044444444444444444,0.8373376045683392,1.1102230246251565e-16,0.9999999999999998,1.1053279088156456,1.0,0.0008400000224355608
31,10,27,8.928221960353346,0.46682080124668823,0.6446452023300733,0.7959202832971284,24.67352878221098,5.551115123125783e-17,0.8943266375855261,27.72412576515131,0.9999999999999998,1.0,10,1,21,10,0.8943266375855261,27.72412576515131,1.0,0.420627305320255,0.02317487768087418,0.7959202832971285,5.551115123125783e-17,1.0,1.1236384551989878,1.0,28,10,0.8943266375855261,27.72412576515131,1.0,0.420627305320255,0.004162330905306972,0.7959202832971285,5.551115123125783e-17,1.0,1.1236384551989878,1.0,0.0007898999901954085
32,10,28,9.049644123238817,0.49470701386906607,0.6418943614168446,0.8104094031969195,25.933100902301423,2.7755575615628914e-16,0.9046555095227696,28.948976304728628,0.9999999999999998,1.0,10,1,21,10,0.9046555095227696,28.948976304728628,1.0,0.43546239372698886,0.02209708691207961,0.8104094031969197,2.7755575615628914e-16,0.9999999999999999,1.116294438285225,1.0,28,10,0.9046555095227696,28.948976304728628,1.0,0.43546239372698886,0.00390625,0.8104094031969197,2.7755575615628914e-16,0.9999999999999999,1.116294438285225,1.0,0.0007192000048235059
33,11,29,9.75981920573818,0.42946409283043363,0.6377670666554485,0.7688863624365844,25.373249960407286,2.482534153247273e-16,0.8709250385771479,28.74052627304588,0.9999999999999998,1.0000000000000002,11,1,22,11,0.8709250385771479,28.74052627304588,1.0000000000000002,0.35740631977646853,0.02110032193402398,0.7688863624365846,2.482534153247273e-16,1.0,1.1327096969403971,1.0,29,11,0.8709250385771479,28.74052627304588,1.0000000000000002,0.35740631977646853,0.0036730945821854912,0.7688863624365846,2.482534153247273e-16,1.0,1.1327096969403971,1.0,0.0007817999867256731
34,11,30,9.884757942346477,0.4577460280164359,0.6370829981487115,0.7844782805756797,26.67226153957311,1.2412670766236366e-16,0.882945790287707,30.02015686978204,0.9999999999999998,1.0,11,1,22,11,0.882945790287707,30.02015686978204,1.0,0.3718748029485482,0.020176304134412803,0.7844782805756798,1.2412670766236366e-16,0.9999999999999999,1.1255197398706414,1.0,29,11,0.882945790287707,30.02015686978204,1.0,0.3718748029485482,0.0034602076124567475,0.7844782805756798,1.2412670766236366e-16,0.9999999999999999,1.1255197398706414,1.0,0.0007715999963693321
35,12,31,10.590068124713516,0.39618545504522573,0.6289292722245314,0.7433134898885337,26.01597214609868,2.0014830212433605e-16,0.847515257719721,29.663034020190235,0.9999999999999998,1.0,12,1,22,12,0.847515257719721,29.663034020190235,1.0,0.30024874604030116,0.019317811536651807,0.7433134898885339,2.0014830212433605e-16,1.0,1.1401854927277228,1.0,29,12,0.847515257719721,29.663034020190235,1.0,0.30024874604030116,0.0032653061224489797,0.7433134898885339,2.0014830212433605e-16,1.0,1.1401854927277228,1.0,0.0008521999989170581
36,13,32,11.285395823367702,0.3365653248638735,0.6145348378509772,0.7006634604667575,25.223884576803272,2.482534153247273e-16,0.8081379935848865,29.092967769055914,0.9999999999999998,1.0,13,1,22,13,0.8081379935848865,29.092967769055914,1.0,0.18789562567864426,0.018518518518518517,0.7006634604667578,2.482534153247273e-16,1.0000000000000002,1.1533896644853339,1.0,29,13,0.8081379935848865,29.092967769055914,1.0,0.18789562567864426,0.0030864197530864196,0.7006634604667578,2.482534153247273e-16,1.0000000000000002,1.1533896644853339,1.0,0.0008775999885983765
37,13,33,11.419289402628936,0.3666129978718644,0.6188321024908742,0.7192762065311707,26.613219641653316,1.5700924586837752e-16,0.8245414303003834,30.508032921114186,0.9999999999999998,1.0000000000000002,13,1,22,13,0.8245414303003834,30.508032921114186,1.0000000000000002,0.20001093119862454,0.017772863492471057,0.719276206531171,1.5700924586837752e-16,0.9999999999999999,1.1463488195680374,1.0,29,13,0.8245414303003834,30.508032921114186,1.0000000000000002,0.20001093119862454,0.0029218407596785976,0.719276206531171,1.5700924586837752e-16,0.9999999999999999,1.1463488195680374,1.0,0.0008598000276833773
38,14,34,12.111499823317635,0.31101235294823715,0.6021679728016952,0.6777425404639301,25.754216537629343,2.482534153247273e-16,0.7848855450378918,29.825650711439888,0.9999999999999998,1.0000000000000002,14,1,22,14,0.7848855450378918,29.825650711439888,1.0000000000000002,0.13451837429529898,0.017075939066396057,0.6777425404639301,2.482534153247273e-16,0.9999999999999999,1.158088061730078,1.0,30,14,0.7848855450378918,29.825650711439888,1.0000000000000002,0.13451837429529898,0.002770083102493075,0.6777425404639301,2.482534153247273e-16,0.9999999999999999,1.158088061730078,1.0,0.0009512999968137592
39,14,35,12.247719570335649,0.34035353684603437,0.6079912438291202,0.6967739106887438,27.17418251686101,5.551115123125783e-17,0.8022944119511225,31.28948206609378,0.9999999999999998,1.0000000000000002,14,1,23,14,0.8022944119511225,31.28948206609378,1.0000000000000002,0.14385780104753998,0.016423400390265346,0.6967739106887438,5.551115123125783e-17,1.0,1.1514415216236702,1.0,30,14,0.8022944119511225,31.28948206609378,1.0000000000000002,0.14385780104753998,0.0026298487836949377,0.6967739106887438,5.551115123125783e-17,1.0,1.1514415216236702,1.0,0.000985399994533509
40,15,36,12.937233333677202,0.2885189814091297,0.5896640981918171,0.6564654989637541,26.258619958550163,1.2412670766236366e-16,0.7627602049872916,30.510408199491664,0.9999999999999998,1.0,15,1,23,15,0.7627602049872916,30.510408199491664,1.0,0.10154769437879536,0.015811388300841896,0.6564654989637543,1.2412670766236366e-16,1.0,1.1619197142748952,1.0,30,15,0.7627602049872916,30.510408199491664,1.0,0.10154769437879536,0.0025,0.6564654989637543,1.2412670766236366e-16,1.0,1.1619197142748952,1.0,0.001043800002662465
41,15,37,13.07553603184351,0.31702525139693305,0.5967803013907104,0.6757601187931082,27.706164870517433,1.5700924586837752e-16,0.7809512203228066,32.01900003323507,0.9999999999999998,1.0,15,1,23,15,0.7809512203228066,32.01900003323507,1.0,0.10893076328730991,0.015236464574498152,0.6757601187931084,1.5700924586837752e-16,1.0,1.155663376106846,1.0,30,15,0.7809512203228066,32.01900003323507,1.0,0.10893076328730991,0.002379535990481856,0.6757601187931084,1.5700924586837752e-16,1.0,1.155663376106846,1.0,0.0009797000093385577
42,16,38,13.762695075146548,0.26868026650187243,0.5772659064345527,0.6367299367386638,26.742657343023883,2.220446049250313e-16,0.7418268249999957,31.156726649999822,0.9999999999999998,0.9999999999999997,16,1,23,16,0.7418268249999957,31.156726649999822,0.9999999999999997,0.07951843596817018,0.014695557139246848,0.6367299367386641,2.220446049250313e-16,1.0,1.1650572435774562,1.0,30,16,0.7418268249999957,31.156726649999822,0.9999999999999997,0.07951843596817018,0.0022675736961451248,0.6367299367386641,2.220446049250313e-16,1.0,1.1650572435774562,1.0,0.0010882000206038356
43,17,39,14.443276868575435,0.2232118541792619,0.5543441740893724,0.5975960133677035,25.69662857481125,1.1443916996305594e-16,0.701199415838509,30.151574881055886,0.9999999999999998,0.9999999999999996,17,1,23,17,0.701199415838509,30.151574881055886,0.9999999999999996,0.059105867828513535,0.014185913519312062,0.5975960133677036,1.1443916996305594e-16,1.0,1.1733669571973162,1.0,31,17,0.701199415838509,30.151574881055886,0.9999999999999996,0.059105867828513535,0.002163331530557058,0.5975960133677036,1.1443916996305594e-16,1.0,1.1733669571973162,1.0,0.0011498000239953399
44,17,40,14.58795966337951,0.2511404896558593,0.565135424824495,0.6184250916126764,27.210704030957764,2.2887833992611187e-16,0.7220959057035345,31.77221985095552,0.9999999999999998,0.9999999999999996,17,1,23,17,0.7220959057035345,31.77221985095552,0.9999999999999996,0.06399346899808517,0.013705061117171074,0.6184250916126766,2.2887833992611187e-16,1.0,1.1676368172910225,1.0,31,17,0.7220959057035345,31.77221985095552,0.9999999999999996,0.06399346899808517,0.002066115702479339,0.6184250916126766,2.2887833992611187e-16,1.0,1.1676368172910225,1.0,0.0010952999873552471
45,18,41,15.266956006299017,0.2087884137095092,0.5418984673654148,0.5807293264786261,26.132819691538174,3.3422138886441676e-16,0.6824312746460944,30.70940735907425,0.9999999999999998,0.9999999999999998,18,1,23,18,0.6824312746460944,30.70940735907425,0.9999999999999998,0.04852195407622045,0.013250773199998754,0.5807293264786264,3.3422138886441676e-16,1.0,1.1751279701752957,1.0,31,18,0.6824312746460944,30.70940735907425,0.9999999999999998,0.04852195407622045,0.0019753086419753087,0.5807293264786264,3.3422138886441676e-16,1.0,1.1751279701752957,1.0,0.0011998999980278313
46,18,42,15.413084041977257,0.23559091460382883,0.5533769030117863,0.6014391705158424,27.66620184372875,3.3766115072321297e-16,0.7035429926522357,32.36297766200284,0.9999999999999998,0.9999999999999999,18,1,24,18,0.7035429926522357,32.36297766200284,0.9999999999999999,0.052633600450843886,0.012821039665643229,0.6014391705158427,3.3766115072321297e-16,1.0,1.169765833590155,1.0,31,18,0.7035429926522357,32.36297766200284,0.9999999999999999,0.052633600450843886,0.001890359168241966,0.6014391705158427,3.3766115072321297e-16,1.0,1.169765833590155,1.0,0.0011451000173110515
47,19,43,16.0906659399696,0.1960637471803149,0.5300330354736368,0.5651336228289588,26.561280272961067,3.3422138886441676e-16,0.6649094932611589,31.25074618327447,0.9999999999999998,0.9999999999999998,19,1,24,19,0.6649094932611589,31.25074618327447,0.9999999999999998,0.04057500989798765,0.012414041829608048,0.5651336228289592,3.3422138886441676e-16,1.0,1.1765527061241547,1.0,31,19,0.6649094932611589,31.25074618327447,0.9999999999999998,0.04057500989798765,0.0018107741059302852,0.5651336228289592,3.3422138886441676e-16,1.0,1.1765527061241547,1.0,0.0014523999998345971
48,20,44,16.76315682461259,0.15934110387732742,0.5046257994532254,0.5291850194956884,25.400880935793044,2.2887833992611187e-16,0.6257793986066321,30.03741113311834,0.9999999999999998,0.9999999999999997,20,1,24,20,0.6257793986066321,30.03741113311834,0.9999999999999997,0.031525791403071476,0.012028130608117204,0.5291850194956886,2.2887833992611187e-16,0.9999999999999998,1.1825342282043392,1.0,32,20,0.6257793986066321,30.03741113311834,0.9999999999999997,0.031525791403071476,0.001736111111111111,0.5291850194956886,2.2887833992611187e-16,0.9999999999999998,1.1825342282043392,1.0,0.001361300004646182
49,20,45,16.914424499943262,0.18479883646351197,0.5187595947120748,0.5506924069424818,26.98392794018161,2.237726045655905e-16,0.6485543919766045,31.77916520685362,0.9999999999999998,0.9999999999999996,20,1,24,20,0.6485543919766045,31.77916520685362,0.9999999999999996,0.03447043972403238,0.011661807580174927,0.550692406942482,2.237726045655905e-16,0.9999999999999998,1.1777071624747208,1.0,32,20,0.6485543919766045,31.77916520685362,0.9999999999999996,0.03447043972403238,0.001665972511453561,0.550692406942482,2.237726045655905e-16,0.9999999999999998,1.1777071624747208,1.0,0.0013083000085316598
50,21,46,17.585956255932313,0.15046697258103225,0.4937056024613501,0.516125499989514,25.806274999475697,3.3766115072321297e-16,0.6106614336714669,30.533071683573343,0.9999999999999998,0.9999999999999994,21,1,24,21,0.6106614336714669,30.533071683573343,0.9999999999999994,0.02713114097040568,0.01131370849898476,0.5161254999895143,3.3766115072321297e-16,1.0000000000000002,1.1831646250454078,1.0,32,21,0.6106614336714669,30.533071683573343,0.9999999999999994,0.02713114097040568,0.0016,0.5161254999895143,3.3766115072321297e-16,1.0000000000000002,1.1831646250454078,1.0,0.001476000004913658
51,21,47,17.738244600315372,0.1747918960522597,0.5080730898217561,0.5372992383454217,27.402261155616507,2.3714374201337736e-16,0.6332840947064974,32.29748883003137,0.9999999999999998,0.9999999999999993,21,1,24,21,0.6332840947064974,32.29748883003137,0.9999999999999993,0.029690161042242043,0.010982588894337331,0.5372992383454219,2.3714374201337736e-16,0.9999999999999999,1.1786432019830417,1.0,32,21,0.6332840947064974,32.29748883003137,0.9999999999999993,0.029690161042242043,0.0015378700499807767,0.5372992383454219,2.3714374201337736e-16,0.9999999999999999,1.1786432019830417,1.0,0.0014198999851942062
52,22,48,18.408907099947005,0.14261846614213752,0.4834398695168267,0.5040378302500542,26.20996717300282,1.6653345369377348e-16,0.5966019135945967,31.023299506919027,0.9999999999999998,1.0000000000000004,22,1,24,22,0.5966019135945967,31.023299506919027,1.0000000000000004,0.023640765854803885,0.010667311465869791,0.5040378302500543,1.6653345369377348e-16,0.9999999999999999,1.1836451111191817,1.0,32,22,0.5966019135945967,31.023299506919027,1.0000000000000004,0.023640765854803885,0.0014792899408284023,0.5040378302500543,1.6653345369377348e-16,0.9999999999999999,1.1836451111191817,1.0,0.0015901000006124377
53,23,49,19.075468903417228,0.11294511088155533,0.4576075733987513,0.47133988724055637,24.981014023749488,2.8066088919804617e-16,0.5599768063262436,29.67877073529091,0.9999999999999998,0.9999999999999991,23,1,24,23,0.5599768063262436,29.67877073529091,0.9999999999999991,0.017664198937218226,0.010366835014995399,0.47133988724055664,2.8066088919804617e-16,1.0,1.1880530833166043,1.0,32,23,0.5599768063262436,29.67877073529091,0.9999999999999991,0.017664198937218226,0.001423994304022784,0.47133988724055664,2.8066088919804617e-16,1.0,1.1880530833166043,1.0,0.0016662999987602234
54,23,50,19.232006626097256,0.13565173051430177,0.473790995266216,0.4928278595887982,26.612704417795104,2.7755575615628914e-16,0.5835109357010179,31.509590527854964,0.9999999999999998,0.9999999999999991,23,1,25,23,0.5835109357010179,31.509590527854964,0.9999999999999991,0.019667343953588545,0.010080204702811433,0.49282785958879854,2.7755575615628914e-16,1.0,1.1840055799359295,1.0,33,23,0.5835109357010179,31.509590527854964,0.9999999999999991,0.019667343953588545,0.0013717421124828531,0.49282785958879854,2.7755575615628914e-16,1.0,1.1840055799359295,1.0,0.0015540999884251505
55,24,51,19.897986952425672,0.10775957712973086,0.4486019210579355,0.4613629916237849,25.37496453930817,2.7755575615628914e-16,0.5481333758478424,30.147335671631332,0.9999999999999998,1.0,24,1,25,24,0.5481333758478424,30.147335671631332,1.0,0.012741235897721904,0.009806543454010793,0.4613629916237852,2.7755575615628914e-16,1.0,1.1880740020318183,1.0,33,24,0.5481333758478424,30.147335671631332,1.0,0.012741235897721904,0.001322314049586777,0.4613629916237852,2.7755575615628914e-16,1.0,1.1880740020318183,1.0,0.0016419000166933984
56,24,52,20.05525135422183,0.1294460293883377,0.4647202207216463,0.4824118137773805,27.01506157153331,2.220446049250313e-16,0.5713056515506123,31.99311648683429,0.9999999999999998,0.9999999999999998,24,1,25,24,0.5713056515506123,31.99311648683429,0.9999999999999998,0.014215731184993976,0.009545044354015157,0.48241181377738074,2.220446049250313e-16,1.0,1.184269612050284,1.0,33,24,0.5713056515506123,31.99311648683429,0.9999999999999998,0.014215731184993976,0.0012755102040816326,0.48241181377738074,2.220446049250313e-16,1.0,1.184269612050284,1.0,0.0015928999928291887
57,25,53,20.720698324414176,0.10316654839830745,0.44017557632537896,0.4521038317707558,25.76991841093308,2.779024842816778e-16,0.5371170646200235,30.61567268334134,0.9999999999999998,0.9999999999999999,25,1,25,25,0.5371170646200235,30.61567268334134,0.9999999999999999,0.008925770281225627,0.009294963909228378,0.4521038317707561,2.779024842816778e-16,1.0,1.188039177894813,1.0,33,25,0.5371170646200235,30.61567268334134,0.9999999999999999,0.008925770281225627,0.0012311480455524776,0.4521038317707561,2.779024842816778e-16,1.0,1.188039177894813,1.0,0.0017288000090047717
58,25,54,20.87863732112538,0.12389961656849957,0.4561890580405231,0.47271510623389323,27.41747616156581,2.2591401799415137e-16,0.5599102027405309,32.47479175895079,0.9999999999999998,0.9999999999999998,25,1,25,25,0.5599102027405309,32.47479175895079,0.9999999999999998,0.009999663305722818,0.009055616059291212,0.47271510623389346,2.2591401799415137e-16,1.0,1.1844559129944425,1.0,33,25,0.5599102027405309,32.47479175895079,0.9999999999999998,0.009999663305722818,0.0011890606420927466,0.47271510623389346,2.2591401799415137e-16,1.0,1.1844559129944425,1.0,0.0016992000164464116
59,26,55,21.54359335802964,0.09908437065976819,0.432282814424917,0.4434931162444008,26.166093858419647,2.220446049250313e-16,0.5268525722738723,31.084301764158464,0.9999999999999998,0.9999999999999998,26,1,25,25,0.5268525722738723,31.084301764158464,0.7208364661945305,0.006460614531430532,0.00882636684615755,0.443493116244401,2.220446049250313e-16,0.9999999999999999,1.1879611046398602,1.0,33,26,0.5268525722738723,31.084301764158464,0.9999999999999998,0.006460614531430532,0.0011490950876185005,0.443493116244401,2.220446049250313e-16,0.9999999999999999,1.1879611046398602,1.0,0.0018496999982744455
60,27,56,22.205294959186357,0.0762704258982549,0.40782083953763415,0.41489157020585743,24.893494212351445,1.1102230246251565e-16,0.4941620663639303,29.649723981835816,0.9999999999999998,1.0000000000000002,27,1,25,25,0.4941620663639303,29.649723981835816,0.6902954339102705,0.004242672282094387,0.008606629658238704,0.41489157020585754,1.1102230246251565e-16,1.0,1.1910631640906588,1.0,33,27,0.4941620663639303,29.649723981835816,1.0000000000000002,0.004242672282094387,0.0011111111111111111,0.41489157020585754,1.1102230246251565e-16,1.0,1.1910631640906588,1.0,0.0018897000118158758
61,27,57,22.36666296142128,0.09544436191740224,0.42488132686509206,0.43546959496669946,26.563645292968666,1.716587549445839e-16,0.5172723936031757,31.553616009793718,0.9999999999999998,1.0000000000000004,27,1,25,25,0.5172723936031757,31.553616009793718,0.7121612724734557,0.0048112198872333365,0.008395860979206294,0.4354695949666996,1.716587549445839e-16,0.9999999999999999,1.1878496216084424,1.0,33,27,0.5172723936031757,31.553616009793718,1.0000000000000004,0.0048112198872333365,0.0010749798441279225,0.4354695949666996,1.716587549445839e-16,0.9999999999999999,1.1878496216084424,1.0,0.0018277000053785741
62,28,58,23.028047773863417,0.07382670346343057,0.4011307792539214,0.4078679739929767,25.287814387564556,1.1188630228279524e-16,0.48566957460942484,30.11151362578434,0.9999999999999998,0.9999999999999998,28,1,25,25,0.48566957460942484,30.11151362578434,0.6822275988620614,0.0032336041679560355,0.008193556580657452,0.4078679739929768,1.1188630228279524e-16,0.9999999999999998,1.1907519236060145,1.0,34,28,0.48566957460942484,30.11151362578434,0.9999999999999998,0.0032336041679560355,0.001040582726326743,0.4078679739929768,1.1188630228279524e-16,0.9999999999999999,1.1907519236060145,1.0,0.001984600006835535
63,28,59,23.18989859380451,0.09218853657557935,0.41793213259642126,0.4279789641238686,26.96267473980372,1.1102230246251565e-16,0.5083159635169143,32.0239057015656,0.9999999999999998,0.9999999999999997,28,1,25,25,0.5083159635169143,32.0239057015656,0.7039379929492433,0.003673528839774237,0.007999248106015391,0.42797896412386865,1.1102230246251565e-16,1.0,1.187712495537033,1.0,34,28,0.5083159635169143,32.0239057015656,0.9999999999999997,0.003673528839774237,0.0010078105316200555,0.42797896412386865,1.1102230246251565e-16,1.0,1.187712495537033,1.0,0.0019376999989617616
64,29,60,23.8509892661186,0.07166330567136196,0.3948654631490907,0.4013157900801973,25.684210565132627,1.716587549445839e-16,0.477740772552467,30.575409443357888,0.9999999999999998,1.0000000000000004,29,1,26,26,0.477740772552467,30.575409443357888,0.6746054377140126,0.0010001560567982895,0.0078125,0.40131579008019747,1.716587549445839e-16,0.9999999999999999,1.1904360216103065,1.0,34,29,0.477740772552467,30.575409443357888,1.0000000000000004,0.0010001560567982895,0.0009765625,0.40131579008019747,1.716587549445839e-16,0.9999999999999999,1.1904360216103065,1.0,0.0022074000153224915
65,30,61,24.50929883956868,0.052841361441844766,0.371536899824687,0.37527573517397467,24.392922786308354,1.6782945342419286e-16,0.4476478815651102,29.097112301732164,0.9999999999999998,0.9999999999999999,30,1,26,26,0.4476478815651102,29.097112301732164,0.6444072306689402,0.0005655594391018585,0.0076329067439512895,0.3752757351739749,1.6782945342419286e-16,0.9999999999999998,1.1928505885348126,1.0,34,30,0.4476478815651102,29.097112301732164,0.9999999999999999,0.0005655594391018585,0.0009467455621301775,0.3752757351739749,1.6782945342419286e-16,0.9999999999999998,1.1928505885348126,1.0,0.0021080000151414424
66,30,62,24.674109088214642,0.06974286052215417,0.3889889836562802,0.3951917205607406,26.08265355700888,1.1188630228279524e-16,0.4703250719041827,31.04145474567606,0.9999999999999998,0.9999999999999999,30,1,26,26,0.4703250719041827,31.04145474567606,0.6673977662036,0.00046965342804601784,0.007460090362383802,0.3951917205607407,1.1188630228279524e-16,1.0,1.190118738410903,1.0,34,30,0.4703250719041827,31.04145474567606,0.9999999999999999,0.00046965342804601784,0.0009182736455463728,0.3951917205607407,1.1188630228279524e-16,1.0,1.190118738410903,1.0,0.0020246000203769654
67,31,63,25.33224642614435,0.051807889284262096,0.3663621052683289,0.37000709394379516,24.790475294234277,1.1102230246251565e-16,0.44119545332044685,29.560095372469938,0.9999999999999998,0.9999999999999998,31,1,26,26,0.44119545332044685,29.560095372469938,0.6378641794858616,0.00046216555781873294,0.007293698170525685,0.3700070939437953,1.1102230246251565e-16,0.9999999999999998,1.1923972824895768,1.0,34,31,0.44119545332044685,29.560095372469938,0.9999999999999998,0.00046216555781873294,0.0008910670527957229,0.3700070939437953,1.1102230246251565e-16,1.0,1.1923972824895768,1.0,0.002168200007872656
68,31,64,25.497397699136048,0.06803373543373101,0.383468971018014,0.3894573672312303,26.483100971723662,0.0,0.46337737400263873,31.509661432179435,0.9999999999999998,0.9999999999999998,31,1,26,26,0.46337737400263873,31.509661432179435,0.6605756778476266,0.00040570094067892315,0.0071334007363627345,0.3894573672312303,0.0,1.0,1.1898025637489618,1.0,34,31,0.46337737400263873,31.509661432179435,0.9999999999999998,0.00040570094067892315,0.0008650519031141869,0.3894573672312303,0.0,1.0,1.1898025637489618,1.0,0.0021840999834239483
69,32,65,26.155374002707404,0.0509141770869672,0.36150940836591605,0.3650771230377462,25.19032148960449,1.1188630228279524e-16,0.43515661560256835,30.025806476577216,0.9999999999999998,0.9999999999999991,32,1,26,26,0.43515661560256835,30.025806476577216,0.6316877123559471,0.000353800200039654,0.006978890033957635,0.3650771230377463,1.1188630228279524e-16,0.9999999999999994,1.1919580497997309,1.0,34,32,0.43515661560256835,30.025806476577216,0.9999999999999991,0.000353800200039654,0.0008401596303297626,0.3650771230377463,1.1188630228279524e-16,1.0,1.1919580497997309,1.0,0.002321100007975474
70,32,66,26.320846285752808,0.06650901591467809,0.378276210023419,0.3840785600207602,26.885499201453214,6.938893903907228e-17,0.4568573662347978,31.980015636435844,0.9999999999999998,0.9999999999999992,32,1,26,26,0.4568573662347978,31.980015636435844,0.6541123950388368,0.0003342542523858746,0.0068298777676251065,0.38407856002076024,6.938893903907228e-17,0.9999999999999999,1.1894893748042166,1.0,35,32,0.4568573662347978,31.980015636435844,0.9999999999999992,0.0003342542523858746,0.0008163265306122449,0.38407856002076024,6.938893903907228e-17,0.9999999999999999,1.1894893748042166,1.0,0.003151499986415729
71,33,67,26.97867170232775,0.05014106587143316,0.3569513518130743,0.3604558142795099,25.592362813845202,1.1102230246251565e-16,0.4294950427895256,30.494148038056316,0.9999999999999998,1.0000000000000002,33,1,26,26,0.4294950427895256,30.494148038056316,0.6258506650143905,0.0002625190484921057,0.006686093848979455,0.36045581427951,1.1102230246251565e-16,0.9999999999999993,1.1915331249351975,1.0,35,33,0.4294950427895256,30.494148038056316,1.0000000000000002,0.0002625190484921057,0.0007934933544931561,0.36045581427951,1.1102230246251565e-16,1.0,1.1915331249351975,1.0,0.003318500006571412
72,34,68,27.634157074935146,0.03512865459546426,0.3355716216784491,0.33740529878706943,24.293181512668998,5.594315114139762e-17,0.40264372943827653,28.99034851955591,0.9999999999999998,1.0,34,1,26,26,0.40264372943827653,28.99034851955591,0.5970092916340054,0.00018601050670185993,0.006547285010986551,0.3374052987870695,5.594315114139762e-17,0.9999999999999981,1.1933533079822138,1.0,35,34,0.40264372943827653,28.99034851955591,1.0,0.00018601050670185993,0.0007716049382716049,0.3374052987870695,5.594315114139762e-17,1.0,1.1933533079822138,1.0,0.003264600003603846
73,34,69,27.802130443768664,0.04947230486829188,0.3526633551766672,0.35611648520315,25.99650341982995,5.551115123125783e-17,0.4241783670640234,30.96502079567371,0.9999999999999998,1.0000000000000002,34,1,26,26,0.4241783670640234,30.96502079567371,0.6203282462375378,0.00019356267249734206,0.006413213544993456,0.35611648520315003,5.551115123125783e-17,0.9999999999999986,1.191122525041341,1.0,35,34,0.4241783670640234,30.96502079567371,1.0000000000000002,0.00019356267249734206,0.0007506098705197974,0.35611648520315003,5.551115123125783e-17,1.0,1.191122525041341,1.0,0.004687599983299151
74,35,70,28.45754707247006,0.035070143297668915,0.331906462882226,0.33375412365079404,24.69780515015876,1.1631705747361534e-16,0.3981208288177047,29.46094133251015,0.9999999999999998,1.0000000000000004,35,1,26,26,0.3981208288177047,29.46094133251015,0.5921377164786356,0.00013535426248839546,0.006283656148314555,0.33375412365079415,1.1631705747361534e-16,0.9999999999999967,1.192856658856618,1.0,35,35,0.3981208288177047,29.46094133251015,1.0000000000000004,0.00013535426248839546,0.0007304601899196494,0.33375412365079415,1.1631705747361534e-16,1.0000000000000002,1.192856658856618,1.0,0.0043904999911319464
75,35,71,28.62574185067969,0.04889406742366442,0.3486233305530213,0.3520353056656548,26.402647924924107,1.1295700899707568e-16,0.4191776278038457,31.438322085288426,0.9999999999999998,1.0000000000000004,35,1,26,26,0.4191776278038457,31.438322085288426,0.6150977539069727,0.00014347994188215356,0.0061584028713560085,0.3520353056656549,1.1295700899707568e-16,0.9999999999999973,1.1907261034833798,1.0,35,35,0.4191776278038457,31.438322085288426,1.0000000000000004,0.00014347994188215356,0.0007111111111111111,0.3520353056656549,1.1295700899707568e-16,1.0,1.1907261034833798,1.0,0.002740099997026846
76,36,72,29.281093750465626,0.035058235747211175,0.3284571732576079,0.3303228641164358,25.10453767284912,2.7755575615628914e-17,0.39387082946598306,29.934183039414712,0.9999999999999998,0.9999999999999999,36,1,27,27,0.39387082946598306,29.934183039414712,0.5875341507355509,0.00010001519593873435,0.0060372561544884676,0.3303228641164358,2.7755575615628914e-17,0.9999999999999992,1.1923813706312112,1.0,35,35,0.39387082946598306,29.934183039414712,0.5875341507355509,0.00010001519593873435,0.0006925207756232687,0.3303228641164358,2.7755575615628914e-17,1.0,1.1923813706312112,1.0,0.003109399985987693
77,37,73,29.934374900271433,0.02238221617163371,0.3083377614300308,0.30914905583623625,23.804477299390193,4.163336342344337e-17,0.36908004986355036,28.41916383949338,0.9999999999999998,0.9999999999999996,37,1,27,27,0.36908004986355036,28.41916383949338,0.5595524767618736,6.833424839511795e-05,0.005920029945955218,0.30914905583623625,4.163336342344337e-17,0.9999999999999986,1.193857923535309,1.0,35,35,0.36908004986355036,28.41916383949338,0.5595524767618736,6.833424839511795e-05,0.0006746500252993759,0.30914905583623625,4.163336342344337e-17,1.0,1.193857923535309,1.0,0.0032660000142641366
78,37,74,30.104789026435437,0.03508545096442183,0.32520603323588404,0.3270931869091678,25.51326857891509,1.1295700899707568e-16,0.3898709944225953,30.409937564962433,0.9999999999999998,0.9999999999999996,37,1,27,27,0.3898709944225953,30.409937564962433,0.5831786660863055,7.509296770930004e-05,0.005806548893049209,0.3270931869091679,1.1295700899707568e-16,0.9999999999999988,1.19192636846594,1.0,35,35,0.3898709944225953,30.409937564962433,0.5831786660863055,7.509296770930004e-05,0.0006574621959237344,0.3270931869091679,1.1295700899707568e-16,1.0,1.19192636846594,1.0,0.0029183999868109822
79,38,75,30.75806665670864,0.022867454298917067,0.30565463212420485,0.3065088491464742,24.21419908257146,2.7755575615628914e-17,0.36576986856350724,28.895819616517073,0.9999999999999998,1.0,38,1,27,27,0.36576986856350724,28.895819616517073,0.5558302274514851,5.174932042308311e-05,0.005696647599625438,0.3065088491464742,2.7755575615628914e-17,0.9999999999999976,1.1933419527105185,1.0,36,36,0.36576986856350724,28.895819616517073,0.5558302274514851,5.174932042308311e-05,0.0006409229290177856,0.3065088491464742,2.7755575615628914e-17,1.0,1.1933419527105185,1.0,0.003174700017552823
80,38,76,30.928625427164384,0.03514548498602952,0.3221371360420271,0.32404866846241276,25.923893476993022,1.2118257228641695e-16,0.3861009451017526,30.888075608140205,0.9999999999999998,1.0,38,1,27,27,0.3861009451017526,30.888075608140205,0.5790531266560167,5.727782671316096e-05,0.005590169943749474,0.32404866846241287,1.2118257228641695e-16,0.9999999999999981,1.1914906082897156,1.0,36,36,0.3861009451017526,30.888075608140205,0.5790531266560167,5.727782671316096e-05,0.000625,0.32404866846241287,1.2118257228641695e-16,1.0,1.1914906082897156,1.0,0.0029808999970555305
81,39,77,31.58189980184462,0.023355503797713853,0.30312440014692577,0.3040228305934911,24.62584927807278,1.1123893155135927e-16,0.3626535813409213,29.374940088614625,0.9999999999999998,1.0,39,1,27,27,0.3626535813409213,29.374940088614625,0.5523128271089993,3.9851651300939804e-05,0.0054869684499314125,0.3040228305934912,1.1123893155135927e-16,0.9999999999999964,1.1928498285243103,1.0,36,36,0.3626535813409213,29.374940088614625,0.5523128271089993,3.9851651300939804e-05,0.0006096631611034903,0.3040228305934912,1.1123893155135927e-16,1.0000000000000002,1.1928498285243103,1.0,0.0031168000132311136
82,39,78,31.752596029013546,0.03523299187725624,0.31923615886614115,0.3211745457601379,26.336312752331306,6.938893903907228e-18,0.38254235696447736,31.368473271087144,0.9999999999999998,1.0000000000000002,39,1,27,27,0.38254235696447736,31.368473271087144,0.5751409849874922,4.4358374215495666e-05,0.005386903710968124,0.3211745457601379,6.938893903907228e-18,0.999999999999997,1.1910730847586244,1.0,36,36,0.38254235696447736,31.368473271087144,0.5751409849874922,4.4358374215495666e-05,0.000594883997620464,0.3211745457601379,6.938893903907228e-18,1.0,1.1910730847586244,1.0,0.0030049000051803887
83,40,79,32.4058673862931,0.02384377248917221,0.3007348159020363,0.30167856235096835,25.039320675130373,6.938893903907228e-18,0.35971550363428473,29.856386801645634,0.9999999999999998,1.0000000000000002,40,1,27,27,0.35971550363428473,29.856386801645634,0.5489849649251413,3.117354560501912e-05,0.0052898438549248365,0.30167856235096835,6.938893903907228e-18,0.9999999999999943,1.1923800644998999,1.0,36,36,0.35971550363428473,29.856386801645634,0.5489849649251413,3.117354560501912e-05,0.0005806357961968355,0.30167856235096835,6.938893903907228e-18,1.0,1.1923800644998999,1.0,0.0032405999954789877
84,41,80,33.057332233798945,0.013396048424851736,0.2823435504605441,0.2826611657091699,23.74353791957027,6.455875440461582e-17,0.33737040045141614,28.339113637918956,0.9999999999999998,0.9999999999999999,41,1,27,27,0.33737040045141614,28.339113637918956,0.5225522902011404,2.126935264843572e-05,0.005195664053237914,0.28266116570916994,6.455875440461582e-17,0.9999999999999896,1.193550587697415,1.0,36,36,0.33737040045141614,28.339113637918956,0.5225522902011404,2.126935264843572e-05,0.0005668934240362812,0.28266116570916994,6.455875440461582e-17,1.0,1.193550587697415,1.0,0.0033540000149514526
85,41,81,33.229962960745084,0.024330161935839374,0.2984748814082281,0.2994648754219432,25.454514410865173,5.928593550334434e-17,0.3569415529502437,30.340032000770716,0.9999999999999998,1.0,41,1,27,27,0.3569415529502437,30.340032000770716,0.545832759361403,2.474290183141881e-05,0.0051042460663213215,0.29946487542194333,5.928593550334434e-17,0.9999999999999919,1.1919312822490997,1.0,36,36,0.3569415529502437,30.340032000770716,0.545832759361403,2.474290183141881e-05,0.0005536332179930796,0.29946487542194333,5.928593550334434e-17,1.0,1.1919312822490997,1.0,0.0033010999904945493
86,42,82,33.881469010706425,0.01420666891133718,0.2805694534048235,0.2809289013708589,24.159885517893866,5.553824967135427e-17,0.3351653507190584,28.824220161839023,0.9999999999999998,1.0000000000000002,42,1,27,27,0.3351653507190584,28.824220161839023,0.519978828451208,1.7136951917397927e-05,0.00501547782341574,0.28092890137085896,5.553824967135427e-17,0.9999999999999857,1.1930611235922681,1.0,36,36,0.3351653507190584,28.824220161839023,0.519978828451208,1.7136951917397927e-05,0.0005408328826392645,0.28092890137085896,5.553824967135427e-17,1.0,1.1930611235922681,1.0,0.003667999990284443
87,42,83,34.05418052911071,0.024812978180110426,0.29633467146441655,0.29737168896532556,25.871336939983323,5.551115123125783e-17,0.3543190220892501,30.82575492176476,0.9999999999999998,1.0000000000000002,42,1,27,27,0.3543190220892501,30.82575492176476,0.5428435551819861,1.9905887323066914e-05,0.004929253033736988,0.2973716889653256,5.551115123125783e-17,0.9999999999999888,1.1915022015783243,1.0,36,36,0.3543190220892501,30.82575492176476,0.5428435551819861,1.9905887323066914e-05,0.0005284713964856652,0.2973716889653256,5.551115123125783e-17,1.0,1.1915022015783243,1.0,0.003853800008073449
88,43,84,34.705725883518646,0.014995121876447306,0.2788910699160344,0.2792938999673998,24.57786319713118,1.1103585416259206e-16,0.3330842428954792,29.31141337480217,0.9999999999999998,0.9999999999999998,43,1,27,27,0.3330842428954792,29.31141337480217,0.517545292277778,1.4039829472597754e-05,0.0048454708262638735,0.27929389996739984,1.1103585416259206e-16,0.9999999999999806,1.1925940485429793,1.0,36,36,0.3330842428954792,29.31141337480217,0.517545292277778,1.4039829472597754e-05,0.0005165289256198347,0.27929389996739984,1.1103585416259206e-16,1.0,1.1925940485429793,1.0,0.00407579998136498
89,44,85,35.35563576174389,0.005994688575058264,0.2615916294991429,0.261660308253141,23.28776743452955,1.1199719228269252e-16,0.31231069215581814,27.795651601867814,0.9999999999999998,0.9999999999999997,44,1,28,28,0.31231069215581814,27.795651601867814,0.4920562847875329,9.16627419525335e-06,0.004764035415758921,0.2616603082531411,1.1199719228269252e-16,0.9999999999999941,1.1935730498860218,1.0,37,37,0.31231069215581814,27.795651601867814,0.4920562847875329,9.16627419525335e-06,0.0005049867440979674,0.2616603082531411,1.1199719228269252e-16,1.0,1.1935730498860218,1.0,0.003880500007653609
90,44,86,35.53009739606607,0.015761551747654017,0.2773011052684117,0.2777486804587498,24.99738124128748,1.1150912609939193e-16,0.33111751301700987,29.80057617153089,0.9999999999999998,0.9999999999999999,44,1,28,28,0.33111751301700987,29.80057617153089,0.5152414059271574,1.1674618234029123e-05,0.004684855792842044,0.27774868045874995,1.1150912609939193e-16,0.9999999999999956,1.1921479247718199,1.0,37,37,0.33111751301700987,29.80057617153089,0.5152414059271574,1.1674618234029123e-05,0.0004938271604938272,0.27774868045874995,1.1150912609939193e-16,1.0,1.1921479247718199,1.0,0.003753699973458424
91,45,87,36.18008093971115,0.007006907740141329,0.26043742274928666,0.26053166395731925,23.70838142011605,5.701542859207485e-17,0.31083963924154345,28.286407170980453,0.9999999999999998,1.0000000000000004,45,1,28,28,0.31083963924154345,28.286407170980453,0.49029660975317857,7.760560561946488e-06,0.0046078454361403,0.2605316639573193,5.701542859207485e-17,0.9999999999999923,1.1930973553082813,1.0,37,37,0.31083963924154345,28.286407170980453,0.49029660975317857,7.760560561946488e-06,0.0004830334500664171,0.2605316639573193,5.701542859207485e-17,1.0,1.1930973553082813,1.0,0.0039477999962400645
92,45,88,36.35457845576025,0.01650623324696835,0.27579296618983595,0.2762864743989313,25.418355644701677,5.551115123125783e-17,0.3292565119387475,30.29159909836477,0.9999999999999998,1.0000000000000004,45,1,28,28,0.3292565119387475,30.29159909836477,0.5130578134765326,9.773259393711501e-06,0.004532922044719017,0.27628647439893134,5.551115123125783e-17,0.9999999999999941,1.1917214284740285,1.0,37,37,0.3292565119387475,30.29159909836477,0.5130578134765326,9.773259393711501e-06,0.0004725897920604915,0.27628647439893134,5.551115123125783e-17,1.0,1.1917214284740285,1.0,0.003821799997240305
93,46,89,37.00463245029079,0.007984893937835634,0.25934426864543697,0.2594671621042537,24.130446075695595,5.553824967135427e-17,0.3094517052577148,28.77900858896748,0.9999999999999998,0.9999999999999998,46,1,28,28,0.3094517052577148,28.77900858896748,0.48863570747647633,6.64965446142558e-06,0.004460007289163119,0.25946716210425375,5.553824967135427e-17,0.9999999999999903,1.1926430410233468,1.0,37,37,0.3094517052577148,28.77900858896748,0.48863570747647633,6.044673272680484e-06,0.00046248121170077463,0.25946716210425375,5.553824967135427e-17,1.0,1.1926430410233468,1.0,0.004054999997606501
94,46,90,37.17916430199099,0.0172295245739261,0.2743606754513107,0.2749011399597007,25.840707156211867,1.1150912609939193e-16,0.32749339519446885,30.78437914828007,0.9999999999999998,0.9999999999999997,46,1,28,28,0.32749339519446885,30.78437914828007,0.510985973653596,8.218677254965831e-06,0.0043890265798246526,0.27490113995970084,1.1150912609939193e-16,0.9999999999999922,1.1913133399245923,1.0,37,37,0.32749339519446885,30.78437914828007,0.510985973653596,7.566729118736847e-06,0.0004526935264825713,0.27490113995970084,1.1150912609939193e-16,1.0,1.1913133399245923,1.0,0.003880899981595576
95,47,91,37.82928573878919,0.008929914244786619,0.2583075949649665,0.2584619062550697,24.55388109423162,6.546139416680338e-17,0.3081405428613278,29.27335157182614,0.9999999999999998,1.0000000000000009,47,1,28,28,0.3081405428613278,29.27335157182614,0.48706622967287255,5.758873426640587e-06,0.004319908850884859,0.25846190625506965,6.546139416680338e-17,0.9999999999999876,1.1922087371638879,1.0,37,37,0.3081405428613278,29.27335157182614,0.48706622967287255,4.592179718699784e-06,0.00044321329639889195,0.25846190625506965,6.546139416680338e-17,1.0,1.1922087371638879,1.0,0.004066300025442615
96,48,92,38.47794527797287,0.0013089352326544983,0.24241256545918555,0.24241609930849725,23.271945533615735,1.2576745200831851e-17,0.2892058799600786,27.763764476167548,0.9999999999999998,1.0000000000000002,48,1,28,28,0.2892058799600786,27.763764476167548,0.4630273981218225,3.995339116646714e-06,0.004252586358998573,0.24241609930849725,1.2576745200831851e-17,0.9999999999999805,1.1930143286070987,1.0,37,37,0.2892058799600786,27.763764476167548,0.4630273981218225,2.833658030548543e-06,0.00043402777777777775,0.24241609930849725,1.2576745200831851e-17,1.0,1.1930143286070987,1.0,0.0044061999942641705
97,48,93,38.654036537028524,0.009843224722327123,0.2573232749747666,0.2575114694856786,24.978612540110824,5.647850449853784e-17,0.3069004145683751,29.769340213132384,0.9999999999999998,1.0000000000000002,48,1,28,28,0.3069004145683751,29.769340213132384,0.48558151107032793,5.03513996216758e-06,0.0041869944953963675,0.25751146948567855,5.647850449853784e-17,0.9999999999999842,1.1917931856834953,1.0,37,37,0.3069004145683751,29.769340213132384,0.48558151107032793,3.5526018326338317e-06,0.0004251248804336274,0.25751146948567855,5.647850449853784e-17,0.9999999999999999,1.1917931856834953,1.0,0.005424500006483868
98,49,94,39.30278958075322,0.002400168767614584,0.24180035181361956,0.2418122638480175,23.697601857105713,5.721958498152797e-17,0.28838006545733946,28.26124641481927,0.9999999999999998,1.0,49,1,28,28,0.28838006545733946,28.26124641481927,0.4620309033279175,3.5416727040481767e-06,0.004123071610417187,0.24181226384801754,5.721958498152797e-17,0.9999999999999757,1.1925783286102913,1.0,37,37,0.28838006545733946,28.26124641481927,0.4620309033279175,2.23792398528151e-06,0.00041649312786339027,0.24181226384801754,5.721958498152797e-17,0.9999999999999999,1.1925783286102913,1.0,0.005949100013822317
99,49,95,39.47888083980885,0.010726055024660704,0.2563875576907443,0.25661182356823853,25.404570533255615,5.618469141565346e-17,0.305726102187217,30.266884116534484,0.9999999999999998,0.9999999999999998,49,1,28,28,0.305726102187217,30.266884116534484,0.48417546274002876,4.440079299652138e-06,0.00406075884953217,0.2566118235682386,5.618469141565346e-17,0.9999999999999805,1.1913952285441671,1.0,37,37,0.305726102187217,30.266884116534484,0.48417546274002876,2.7935127390409813e-06,0.00040812162024283236,0.2566118235682386,5.618469141565346e-17,0.9999999999999999,1.1913952285441671,1.0,0.007837000011932105
100,50,96,40.127723624682524,0.0034532738186153094,0.24122010953444928,0.241244826563966,24.1244826563966,6.30629248267313e-17,0.28760266681523516,28.760266681523518,0.9999999999999998,0.9999999999999996,50,1,28,28,0.28760266681523516,28.760266681523518,0.46109454750662715,3.163462752277802e-06,0.004,0.24124482656396606,6.30629248267313e-17,0.9999999999999704,1.1921609715389168,1.0,37,37,0.28760266681523516,28.760266681523518,0.46109454750662715,1.7933653053543858e-06,0.0004,0.24124482656396606,6.30629248267313e-17,0.9999999999999999,1.1921609715389168,1.0,0.004752300010295585
101,51,97,40.775221654933475,-0.0032212732199705407,0.22621979121813693,0.22624272483316488,22.850515208149652,8.710942046316248e-17,0.2698737385392094,27.257247592460146,0.9999999999999998,0.9999999999999993,51,1,28,28,0.2698737385392094,27.257247592460146,0.43794230442255516,2.2732461647989476e-06,0.003940741347366294,0.22624272483316496,8.710942046316248e-17,0.9999999999999559,1.1928504606643981,1.0,38,38,0.2698737385392094,27.257247592460146,0.43794230442255516,1.166245698942256e-06,0.00039211841976276833,0.22624272483316496,8.710942046316248e-17,0.9999999999999998,1.1928504606643981,1.0,0.005240600003162399
102,51,98,40.95274386909562,0.00446990491624473,0.24066949879539848,0.24071100452698163,24.552522461752126,8.441528768080324e-17,0.28687001436573734,29.26074146530521,0.9999999999999998,0.9999999999999994,51,1,28,28,0.28687001436573734,29.26074146530521,0.4602137881519252,2.7937648705517036e-06,0.003882931541084997,0.24071100452698171,8.441528768080324e-17,0.9999999999999644,1.1917611117508409,1.0,38,38,0.28687001436573734,29.26074146530521,0.4602137881519252,1.456178680005418e-06,0.00038446751249519417,0.24071100452698171,8.441528768080324e-17,1.0,1.1917611117508409,1.0,0.004737499984912574
103,52,99,41.600352505352966,-0.0020694510214559754,0.22600274210041635,0.22601221662652995,23.279258312532587,2.871805767347292e-17,0.26950500359237567,27.759015370014694,0.9999999999999998,1.0000000000000002,52,1,28,28,0.26950500359237567,27.759015370014694,0.4375155654132329,2.0153104801689694e-06,0.0038265214685991966,0.22601221662652998,2.871805767347292e-17,0.9999999999999478,1.1924355577544492,1.0,38,38,0.26950500359237567,27.759015370014694,0.4375155654132329,9.625760930189588e-07,0.00037703836365350174,0.22601221662652998,2.871805767347292e-17,1.0,1.1924355577544492,1.0,0.005047599988756701
104,52,100,41.777846978818054,0.005451653659510922,0.240146392830748,0.24020826488121344,24.9816595476462,2.797157557069881e-17,0.2861787684881394,29.762591922766497,0.9999999999999998,1.0000000000000002,52,1,28,28,0.2861787684881394,29.762591922766497,0.45938448097479584,2.4263725278365934e-06,0.00377146413727277,0.24020826488121347,2.797157557069881e-17,0.9999999999999575,1.1913776931433189,1.0,38,38,0.2861787684881394,29.762591922766497,0.45938448097479584,1.1966269365971953e-06,0.0003698224852071006,0.24020826488121347,2.797157557069881e-17,1.0,1.1913776931433189,1.0,0.004832700011320412
105,53,101,42.42556202068218,-0.0009573468379411573,0.22579897850292127,0.22580100798253938,23.709105838166636,8.348356728138384e-18,0.269163330474764,28.26214969985022,0.9999999999999998,0.9999999999999999,53,1,29,29,0.269163330474764,28.26214969985022,0.43712360359975594,8.030541101602255e-07,0.0037177145636134597,0.22580100798253938,8.348356728138384e-18,0.999999999999987,1.1920377720172874,1.0,38,38,0.269163330474764,28.26214969985022,0.43712360359975594,8.030541101602255e-07,0.00036281179138321996,0.22580100798253938,8.348356728138384e-18,1.0,1.1920377720172874,1.0,0.005669899983331561
106,54,102,43.07203317306415,-0.006835756997452597,0.21162211629078476,0.2117324908395465,22.44364402899193,6.592519816737927e-17,0.25251904947879267,26.767019244752024,0.9999999999999998,1.0000000000000007,54,1,29,29,0.25251904947879267,26.767019244752024,0.4148287823103196,5.44370423627409e-07,0.003665229669272695,0.21173249083954657,6.592519816737927e-17,0.9999999999999812,1.1926324980994756,1.0,38,38,0.25251904947879267,26.767019244752024,0.4148287823103196,5.44370423627409e-07,0.000355998576005696,0.21173249083954657,6.592519816737927e-17,1.0,1.1926324980994756,1.0,0.006169600004795939
107,54,103,43.25084729045528,0.00011677786396704877,0.22560743018138638,0.22560746040439053,24.13999826326979,8.765157680749493e-17,0.268846502594243,28.766575777584,0.9999999999999998,1.0000000000000009,54,1,29,29,0.268846502594243,28.766575777584,0.4367635085709024,6.765813764883124e-07,0.0036139681833482753,0.22560746040439061,8.765157680749493e-17,0.9999999999999848,1.1916560831470224,1.0,38,38,0.268846502594243,28.766575777584,0.4367635085709024,6.765813764883124e-07,0.0003493754913092847,0.22560746040439061,8.765157680749493e-17,1.0,1.1916560831470224,1.0,0.006051600008504465
108,55,104,43.89744171385034,-0.00565964783911074,0.21172980465587113,0.21180543381432898,22.87498685194753,3.0357660829594124e-17,0.25252286235493,27.27246913433244,0.9999999999999998,0.9999999999999998,55,1,29,29,0.25252286235493,27.27246913433244,0.41488971692113963,4.647546793191964e-07,0.0035638905505532455,0.211805433814329,3.0357660829594124e-17,0.999999999999978,1.19223977311316,1.0,38,38,0.25252286235493,27.27246913433244,0.41488971692113963,4.647546793191964e-07,0.0003429355281207133,0.211805433814329,3.0357660829594124e-17,0.9999999999999999,1.19223977311316,1.0,0.005716799991205335
109,55,105,44.07620556276733,0.0011545884701478352,0.22542713953080518,0.2254300962861359,24.57188049518881,2.7538735181131813e-17,0.26855251777162353,29.272224437106964,0.9999999999999998,0.9999999999999999,55,1,29,29,0.26855251777162353,29.272224437106964,0.4364326521596368,5.751862968007004e-07,0.003514958844848262,0.2254300962861359,2.7538735181131813e-17,0.9999999999999819,1.1912895491591897,1.0,38,38,0.26855251777162353,29.272224437106964,0.4364326521596368,5.751862968007004e-07,0.00033667199730662403,0.2254300962861359,2.7538735181131813e-17,1.0,1.1912895491591897,1.0,0.005451100005302578
110,56,106,44.722918830082094,-0.004522656574085061,0.21183662416887913,0.21188489743668393,23.307338718035233,6.059128614320848e-17,0.25253769032365847,27.779145935602433,0.9999999999999998,1.0000000000000004,56,1,29,29,0.25253769032365847,27.779145935602433,0.41496503007132574,4.000167038593973e-07,0.0034671366881657904,0.21188489743668398,6.059128614320848e-17,0.9999999999999744,1.1918626262597245,1.0,38,38,0.25253769032365847,27.779145935602433,0.41496503007132574,4.000167038593973e-07,0.00033057851239669424,0.21188489743668398,6.059128614320848e-17,1.0,1.1918626262597245,1.0,0.005987699987599626
111,56,107,44.90163423296394,0.002157670766307046,0.2252572361691423,0.22526756976914483,25.004700244375076,3.1031676915590914e-17,0.268279551039943,29.779030165433674,0.9999999999999998,1.0000000000000002,56,1,29,29,0.268279551039943,29.779030165433674,0.43612863636402627,4.930578860482702e-07,0.0034203891738828793,0.22526756976914486,3.1031676915590914e-17,0.9999999999999791,1.1909372987637636,1.0,38,38,0.268279551039943,29.779030165433674,0.43612863636402627,4.930578860482702e-07,0.00032464897329762194,0.22526756976914486,3.1031676915590914e-17,0.9999999999999999,1.1909372987637636,1.0,0.00562569999601692
112,57,108,45.54846215137818,-0.003423135202145777,0.21194240543000273,0.2119700475870773,23.740645329752656,2.8028670759448284e-17,0.25256234590672183,28.286982741552844,0.9999999999999998,0.9999999999999996,57,1,29,29,0.25256234590672183,28.286982741552844,0.4150530721379853,3.468841420742814e-07,0.003374682794725243,0.21197004758707733,2.8028670759448284e-17,0.9999999999999705,1.1915001613752492,1.0,38,38,0.25256234590672183,28.286982741552844,0.4150530721379853,3.468841420742814e-07,0.00031887755102040814,0.21197004758707733,2.8028670759448284e-17,0.9999999999999999,1.1915001613752492,1.0,0.006660000013653189
113,58,109,46.19415176113705,-0.008550963467525078,0.19879100219147464,0.19897482636884953,22.484155379679997,2.7809732887839817e-17,0.2371797270397507,26.80130915549183,0.9999999999999998,1.0000000000000004,58,1,29,29,0.2371797270397507,26.80130915549183,0.3939707255150149,2.458284427429851e-07,0.003329985374809194,0.1989748263688495,2.7809732887839817e-17,0.9999999999999594,1.1920087147108693,1.0,38,38,0.2371797270397507,26.80130915549183,0.3939707255150149,2.458284427429851e-07,0.00031325867334951836,0.1989748263688495,2.7809732887839817e-17,1.0,1.1920087147108693,1.0,0.00835480002569966
114,58,110,46.374069428045786,-0.002359510509651426,0.21204701943964796,0.2120601465223572,24.17485670354872,2.778605206969998e-17,0.2525957721097891,28.79591802051596,0.9999999999999998,1.0000000000000004,58,1,29,29,0.2525957721097891,28.79591802051596,0.4151523785725436,3.028994279023397e-07,0.0032862660055498036,0.21206014652235713,2.778605206969998e-17,0.9999999999999661,1.1911515494645681,1.0,39,39,0.2525957721097891,28.79591802051596,0.4151523785725436,3.028994279023397e-07,0.0003077870113881194,0.21206014652235713,2.778605206969998e-17,0.9999999999999999,1.1911515494645681,1.0,0.009501799999270588
115,59,111,47.01988711510349,-0.007412670145210481,0.19915413510021412,0.19929203999707573,22.91858459966371,6.094412186918576e-17,0.2374868213003881,27.31098444954463,0.9999999999999998,0.9999999999999994,59,1,29,29,0.2374868213003881,27.31098444954463,0.39444670272708116,2.1688291301634316e-07,0.0032434949851837002,0.19929203999707568,6.094412186918576e-17,0.9999999999999539,1.1916523173924698,1.0,39,39,0.2374868213003881,27.31098444954463,0.39444670272708116,2.1688291301634316e-07,0.00030245746691871453,0.19929203999707568,6.094412186918576e-17,1.0,1.1916523173924698,1.0,0.007238100020913407
116,59,112,47.1997385230325,-0.0013302742256936194,0.2121503580728489,0.2121545287283624,24.60992533249004,1.734723475976807e-17,0.25263701185078347,29.305893374690882,0.9999999999999998,0.9999999999999994,59,1,29,29,0.25263701185078347,29.305893374690882,0.4152616234310713,2.661955312589828e-07,0.003201643761673308,0.2121545287283624,1.734723475976807e-17,0.9999999999999616,1.1908160215342556,1.0,39,39,0.25263701185078347,29.305893374690882,0.4152616234310713,2.661955312589828e-07,0.00029726516052318666,0.2121545287283624,1.734723475976807e-17,1.0,1.1908160215342556,1.0,0.006608199997572228
117,60,113,47.84567999992233,-0.006310150412389788,0.19950621944374033,0.19960598586956468,23.353900346739067,1.5612511283791264e-17,0.23779245601751306,27.821717354049028,0.9999999999999998,1.0000000000000009,60,1,29,29,0.23779245601751306,27.821717354049028,0.3949200880649494,1.924612030678434e-07,0.0031606848787762345,0.19960598586956468,1.5612511283791264e-17,0.9999999999999482,1.191309243465784,1.0,39,39,0.23779245601751306,27.821717354049028,0.3949200880649494,1.924612030678434e-07,0.00029220542041054863,0.19960598586956468,1.5612511283791264e-17,0.9999999999999999,1.191309243465784,1.0,0.0068789999932050705
118,61,114,48.49055757183617,-0.010882963431756992,0.18702292853746683,0.18733930364925397,22.106037830611967,8.673617379884035e-18,0.22326255898004313,26.34498195964509,0.9999999999999998,0.9999999999999997,61,1,29,29,0.22326255898004313,26.34498195964509,0.374593738251201,1.3994896223432457e-07,0.003120591925079062,0.18733930364925397,8.673617379884035e-18,0.9999999999999303,1.1917550382168949,1.0,39,39,0.22326255898004313,26.34498195964509,0.374593738251201,1.3994896223432457e-07,0.0002872737719046251,0.18733930364925397,8.673617379884035e-18,1.0,1.1917550382168949,1.0,0.0072509000019636005
119,61,115,48.671528595509976,-0.005242000424219077,0.1998476938621996,0.19991643081669644,23.790055267186876,2.42861286636753e-17,0.23809622451237647,28.3334507169728,0.9999999999999998,0.9999999999999997,61,1,29,29,0.23809622451237647,28.3334507169728,0.3953902789883984,1.7171619429802935e-07,0.0030813394858091136,0.19991643081669644,2.42861286636753e-17,0.9999999999999417,1.1909787681768245,1.0,39,39,0.23809622451237647,28.3334507169728,0.3953902789883984,1.7171619429802935e-07,0.0002824659275474896,0.19991643081669644,2.42861286636753e-17,1.0,1.1909787681768245,1.0,0.0069401000218931586
120,62,116,49.31654102459165,-0.00975954606208675,0.18759760544266055,0.1878512983909298,22.542155806911573,3.273069708340169e-17,0.22380959172616252,26.857151007139503,0.9999999999999998,0.999999999999999,62,1,29,29,0.22380959172616252,26.857151007139503,0.3754129680457623,1.2596449867103756e-07,0.003042903097250923,0.18785129839092973,3.273069708340169e-17,0.9999999999999225,1.1914189236020152,1.0,39,39,0.22380959172616252,26.857151007139503,0.3754129680457623,1.2596449867103756e-07,0.0002777777777777778,0.18785129839092973,3.273069708340169e-17,1.0,1.1914189236020152,1.0,0.007468900003004819
121,62,117,49.497431166529154,-0.004206863763364671,0.20017898389108146,0.200223183708554,24.227005228735035,2.809234570782673e-17,0.23839777950277088,28.846131319835276,0.9999999999999998,0.9999999999999991,62,1,29,29,0.23839777950277088,28.846131319835276,0.395856762495231,1.53982444915547e-07,0.003005259203606311,0.20022318370855402,2.809234570782673e-17,0.9999999999999348,1.190660217698786,1.0,39,39,0.23839777950277088,28.846131319835276,0.395856762495231,1.53982444915547e-07,0.00027320538214602825,0.20022318370855402,2.809234570782673e-17,0.9999999999999999,1.190660217698786,1.0,0.006969699985347688
122,63,118,50.14257415949899,-0.0086695318055705,0.18815373554814047,0.18835336201524883,22.979110165860355,5.551115123125783e-17,0.224346721996475,27.37030008356995,0.9999999999999998,1.0,63,1,29,29,0.224346721996475,27.37030008356995,0.376217413725187,1.1389742803923244e-07,0.0029683851161481484,0.18835336201524888,5.551115123125783e-17,0.9999999999999143,1.191094863378718,1.0,39,39,0.224346721996475,27.37030008356995,0.376217413725187,1.1389742803923244e-07,0.0002687449610319806,0.18835336201524888,5.551115123125783e-17,0.9999999999999999,1.191094863378718,1.0,0.007382700016023591
123,63,119,50.32338605722732,-0.003203439653404527,0.20050049370418732,0.20052608309453376,24.664708220627652,2.871805767347292e-17,0.23869681751192737,29.359708553967067,0.9999999999999998,1.0,63,1,29,29,0.23869681751192737,29.359708553967067,0.3963190907866098,1.387327460623963e-07,0.002932258974528235,0.20052608309453374,2.871805767347292e-17,0.9999999999999281,1.190352964703344,1.0,39,39,0.23869681751192737,29.359708553967067,0.3963190907866098,1.387327460623963e-07,0.0002643928878313173,0.20052608309453374,2.871805767347292e-17,1.0,1.190352964703344,1.0,0.007057899987557903
124,64,120,50.968655522558414,-0.0076117158746786765,0.18869214623346842,0.1888456096094094,23.416855591566765,2.9079264368403834e-17,0.22487399548990017,27.884375440747622,0.9999999999999998,1.0,64,1,30,30,0.22487399548990017,27.884375440747622,0.37700712126718416,1.034282801635969e-07,0.0028968597101092725,0.18884560960940938,2.9079264368403834e-17,0.9999999999999772,1.190782226576559,1.0,39,39,0.22487399548990017,27.884375440747622,0.37700712126718416,9.931759042367346e-08,0.00026014568158168577,0.18884560960940938,2.9079264368403834e-17,0.9999999999999999,1.190782226576559,1.0,0.00934749998850748
125,65,121,51.612940134190254,-0.011666816907636206,0.1770345626466936,0.17741857565729238,22.17732195716155,6.938893903907228e-18,0.21133589295312735,26.416986619140918,0.9999999999999998,1.0000000000000002,65,1,30,30,0.21133589295312735,26.416986619140918,0.35772379664266596,7.743273959208387e-08,0.002862167011199731,0.17741857565729238,6.938893903907228e-18,0.99999999999997,1.1911711734252155,1.0,39,39,0.21133589295312735,26.416986619140918,0.35772379664266596,6.991161351815782e-08,0.000256,0.17741857565729238,6.938893903907228e-18,1.0,1.1911711734252155,1.0,0.011611800000537187
126,65,122,51.79478372213507,-0.0065849310644107905,0.18921363009043798,0.1893281783811489,23.85535047602476,2.883244014823445e-17,0.22539149035662737,28.39932778493505,0.9999999999999998,1.0000000000000002,65,1,30,30,0.22539149035662737,28.39932778493505,0.37778218983040085,9.429909802496528e-08,0.002828161290078565,0.18932817838114893,2.883244014823445e-17,0.9999999999999748,1.1904804254910066,1.0,39,39,0.22539149035662737,28.39932778493505,0.37778218983040085,8.497945592669521e-08,0.0002519526329050139,0.18932817838114893,2.883244014823445e-17,1.0,1.1904804254910066,1.0,0.00803319999249652
127,66,123,52.43920383742684,-0.01059986456748228,0.17775969813667739,0.17807545426164614,22.61558269122906,3.469446951953614e-18,0.21206390186426327,26.932115536761437,0.9999999999999998,0.9999999999999999,66,1,30,30,0.21206390186426327,26.932115536761437,0.35881247391502674,7.110919966648143e-08,0.0027948236517042952,0.17807545426164614,3.469446951953614e-18,0.9999999999999668,1.190865426925588,1.0,39,39,0.21206390186426327,26.932115536761437,0.35881247391502674,5.750934522222457e-08,0.000248000496000992,0.17807545426164614,3.469446951953614e-18,1.0,1.190865426925588,1.0,0.00855189998401329
128,66,124,52.62095742547867,-0.005588045589535183,0.18971893345296606,0.18980121170330205,24.294555098022663,5.76648802964689e-17,0.22589929753244087,28.91511008415243,0.9999999999999998,0.9999999999999999,66,1,30,30,0.22589929753244087,28.91511008415243,0.3785427394993655,8.630014134026959e-08,0.0027621358640099515,0.1898012117033021,5.76648802964689e-17,0.9999999999999722,1.1901889113625232,1.0,39,39,0.22589929753244087,28.91511008415243,0.3785427394993655,7.153470406342909e-08,0.000244140625,0.1898012117033021,5.76648802964689e-17,1.0,1.1901889113625232,1.0,0.008016699983272702
129,67,125,53.26550899442279,-0.009562616490169984,0.17846183273591842,0.17871784851435793,23.05460245835217,6.206335383118183e-17,0.21277611293826298,27.448118569035923,0.9999999999999998,0.9999999999999997,67,1,30,30,0.21277611293826298,27.448118569035923,0.35987728551646003,6.552571713179657e-08,0.002730080329691857,0.178717848514358,6.206335383118183e-17,0.9999999999999637,1.1905700225636326,1.0,40,40,0.21277611293826298,27.448118569035923,0.35987728551646003,1.4690584464161304e-08,0.00024037017006189532,0.178717848514358,6.206335383118183e-17,0.9999999999999999,1.1905700225636326,1.0,0.008549699996365234
130,68,126,53.90913266893531,-0.013216197423221348,0.16735091596638815,0.16787196594166243,21.823355572416116,2.6020852139652106e-17,0.19992130850518403,25.989770105673923,0.9999999999999998,1.0000000000000013,68,1,30,30,0.19992130850518403,25.989770105673923,0.3412538252297543,4.9915637468750715e-08,0.002698640059406244,0.16787196594166243,2.6020852139652106e-17,0.9999999999999535,1.1909153942633826,1.0,40,40,0.19992130850518403,25.989770105673923,0.3412538252297543,9.432950513214842e-09,0.00023668639053254438,0.16787196594166243,2.6020852139652106e-17,1.0,1.1909153942633826,1.0,0.008577600005082786
131,68,127,54.09185450688998,-0.008554104549376213,0.17914199411624931,0.17934610885265387,23.49434025969766,2.7809732887839817e-17,0.2134728842728719,27.96494783974622,0.9999999999999998,1.0000000000000013,68,1,30,30,0.2134728842728719,27.96494783974622,0.3609187652758419,6.05752120862105e-08,0.002667798646293246,0.17934610885265387,2.7809732887839817e-17,0.9999999999999607,1.190284448536632,1.0,40,40,0.2134728842728719,27.96494783974622,0.3609187652758419,1.1804443796184305e-08,0.00023308664996212343,0.17934610885265387,2.7809732887839817e-17,1.0,1.190284448536632,1.0,0.008560299989767373
132,69,128,54.735617192570636,-0.012179347977326773,0.1682159327166602,0.16865626741063838,22.262627298204265,5.618469141565346e-17,0.2008067197692754,26.50648700954435,0.9999999999999998,0.9999999999999994,69,1,30,30,0.2008067197692754,26.50648700954435,0.3425863466953026,4.6438644748895394e-08,0.0026375402417529977,0.16865626741063844,5.618469141565346e-17,0.9999999999999495,1.190627083429744,1.0,40,40,0.2008067197692754,26.50648700954435,0.3425863466953026,7.677739656809946e-09,0.0002295684113865932,0.16865626741063844,5.618469141565346e-17,1.0,1.190627083429744,1.0,0.008876999985659495
133,69,129,54.91823931878525,-0.0075733761222582276,0.17980115593474585,0.1799605837436631,23.934757637907193,8.673617379884035e-17,0.21415457497516663,28.48255847169716,0.9999999999999998,0.9999999999999996,69,1,30,30,0.21415457497516663,28.48255847169716,0.3619374503896239,5.616870211384537e-08,0.0026078495324033685,0.1799605837436632,8.673617379884035e-17,0.999999999999957,1.1900082258024325,1.0,40,40,0.21415457497516663,28.48255847169716,0.3619374503896239,9.579703948436008e-09,0.00022612923285657754,0.1799605837436632,8.673617379884035e-17,1.0,1.1900082258024325,1.0,0.008510000014211982
134,70,130,55.562137045163816,-0.011169582281766387,0.16905408246378317,0.16942267370697686,22.7026382767349,5.575456304969596e-17,0.2016719628117047,27.02404301676843,0.9999999999999998,1.0,70,1,30,30,0.2016719628117047,27.02404301676843,0.3438878366878099,4.332265281377591e-08,0.0025787117181533138,0.16942267370697692,5.575456304969596e-17,0.9999999999999455,1.1903481299114913,1.0,40,40,0.2016719628117047,27.02404301676843,0.3438878366878099,6.306825862744555e-09,0.00022276676319893073,0.16942267370697692,5.575456304969596e-17,0.9999999999999998,1.1903481299114913,1.0,0.010610800003632903
135,70,131,55.7446624142249,-0.006619504309888739,0.18044023621416402,0.18056161464256998,24.375817976746948,8.327124423340014e-17,0.21482153891785807,29.00090775391084,0.9999999999999998,1.0,70,1,30,30,0.21482153891785807,29.00090775391084,0.362933871147009,5.223184285788948e-08,0.0025501124913299865,0.18056161464257006,8.327124423340014e-17,0.9999999999999534,1.18974090558011,1.0,40,40,0.21482153891785807,29.00090775391084,0.362933871147009,7.846315428521984e-09,0.00021947873799725651,0.18056161464257006,8.327124423340014e-17,1.0,1.18974090558011,1.0,0.013114400004269555
136,71,132,56.38869137843576,-0.010186119870554596,0.16986653941776378,0.17017167288295665,23.143347512082105,3.576224061345498e-17,0.20251757911761614,27.542390759995797,0.9999999999999998,0.9999999999999996,71,1,30,30,0.20251757911761614,27.542390759995797,0.34515914034426426,4.052066127875187e-08,0.0025220380168016004,0.17017167288295668,3.576224061345498e-17,0.9999999999999412,1.1900780881252009,1.0,40,40,0.20251757911761614,27.542390759995797,0.34515914034426426,5.225309129346914e-09,0.00021626297577854672,0.17017167288295668,3.576224061345498e-17,0.9999999999999999,1.1900780881252009,1.0,0.009725899988552555
137,72,133,57.03185365405389,-0.013470451114324726,0.15942877274653633,0.15999683319581715,21.91956614782695,5.869931039739981e-17,0.19045772376787906,26.092708156199432,0.9999999999999998,0.9999999999999999,72,1,30,30,0.19045772376787906,26.092708156199432,0.3274324308954717,3.151034786507436e-08,0.002494474913041638,0.1599968331958172,5.869931039739981e-17,0.9999999999999262,1.1903843342623,1.0,40,40,0.19045772376787906,26.092708156199432,0.3274324308954717,3.5019342278916806e-09,0.00021311737439394746,0.1599968331958172,5.869931039739981e-17,1.0000000000000002,1.1903843342623,1.0,0.010164100007386878
138,72,134,57.21527937300863,-0.009228185743689611,0.17065442279337714,0.17090374902576233,23.5847173655552,3.029564307160424e-17,0.20334410740097553,28.061486821334622,0.9999999999999998,0.9999999999999998,72,1,30,30,0.20334410740097553,28.061486821334622,0.3464010995244588,3.799288135841694e-08,0.0024674102340833293,0.17090374902576236,3.029564307160424e-17,0.9999999999999367,1.189816540363448,1.0,40,40,0.20334410740097553,28.061486821334622,0.3464010995244588,4.364082819554422e-09,0.00021003990758244065,0.17090374902576236,3.029564307160424e-17,1.0,1.189816540363448,1.0,0.009827899979427457
139,73,135,57.85857917651848,-0.012492658460210417,0.16037976750101185,0.1608655846944339,22.360316272526312,2.9079264368403834e-17,0.19144950400131464,26.611481056182733,0.9999999999999998,0.9999999999999993,73,1,30,30,0.19144950400131464,26.611481056182733,0.3289373435348499,2.9705453073411766e-08,0.002440831452316463,0.1608655846944339,2.9079264368403834e-17,0.9999999999999211,1.1901209594642337,1.0,40,40,0.19144950400131464,26.611481056182733,0.3289373435348499,2.9556996016907054e-09,0.00020702862170695097,0.1608655846944339,2.9079264368403834e-17,1.0,1.1901209594642337,1.0,0.010821900010341778
140,73,136,58.04190023719311,-0.008295014164352986,0.17141878898061208,0.1716193709217186,24.026711929040605,5.721958498152797e-17,0.20415206990750787,28.5812897870511,0.9999999999999998,0.9999999999999991,73,1,30,30,0.20415206990750787,28.5812897870511,0.34761452981527996,3.5705474512359046e-08,0.002414726442081476,0.17161937092171864,5.721958498152797e-17,0.9999999999999323,1.1895630942536697,1.0,40,40,0.20415206990750787,28.5812897870511,0.34761452981527996,3.672242038269772e-09,0.00020408163265306123,0.17161937092171864,5.721958498152797e-17,1.0,1.1895630942536697,1.0,0.009962599986465648
141,74,137,58.68533385857186,-0.01153872158474465,0.1613023990397766,0.1617145820011219,22.801756062158187,8.326672684688674e-17,0.1924186284173352,27.131026606844262,0.9999999999999998,0.9999999999999994,74,1,30,30,0.1924186284173352,27.131026606844262,0.33040674698857564,2.8062668633897876e-08,0.0023890834640184935,0.161714582001122,8.326672684688674e-17,0.9999999999999157,1.1898656635429468,1.0,40,40,0.1924186284173352,27.131026606844262,0.33040674698857564,2.5121252627835286e-09,0.0002011971228811428,0.161714582001122,8.326672684688674e-17,1.0,1.1898656635429468,1.0,0.010918700019828975
142,75,138,59.32794569359132,-0.014523360452684314,0.15131696382937723,0.15201234009572925,21.585752293593554,2.9079264368403834e-17,0.18091603784354257,25.690077373783044,0.9999999999999998,1.0,75,1,30,30,0.18091603784354257,25.690077373783044,0.31325532544449464,2.2095387185491392e-08,0.0023638911501315187,0.15201234009572925,2.9079264368403834e-17,0.9999999999998958,1.1901404697119413,1.0,40,40,0.18091603784354257,25.690077373783044,0.31325532544449464,1.7274249080761607e-09,0.00019837333862328903,0.15201234009572925,2.9079264368403834e-17,1.0,1.1901404697119413,1.0,0.011612499976763502
143,75,139,59.51211708305672,-0.010608036593961895,0.1621978657515793,0.16254438807521523,23.24384749475578,5.594315114139762e-17,0.19336574321891967,27.651301280305514,0.9999999999999998,0.9999999999999999,75,1,30,30,0.19336574321891967,27.651301280305514,0.33184168696859556,2.6563424845766008e-08,0.002339138489530324,0.1625443880752153,5.594315114139762e-17,0.9999999999999103,1.1896180822277436,1.0,40,40,0.19336574321891967,27.651301280305514,0.33184168696859556,2.1491373231720436e-09,0.00019560858721697882,0.1625443880752153,5.594315114139762e-17,1.0,1.1896180822277436,1.0,0.014587300014682114
144,76,140,60.15486806175566,-0.013580299707367585,0.15236139296125775,0.1529654163699649,22.02701995727495,3.1031676915590914e-17,0.18201228981642265,26.209769733564862,0.9999999999999998,1.0000000000000002,76,1,30,30,0.18201228981642265,26.209769733564862,0.31493488562514055,2.1017763205880226e-08,0.0023148148148148147,0.15296541636996497,3.1031676915590914e-17,0.9999999999998894,1.1898917685825432,1.0,40,40,0.18201228981642265,26.209769733564862,0.31493488562514055,1.4915343994817776e-09,0.00019290123456790122,0.15296541636996497,3.1031676915590914e-17,0.9999999999999998,1.1898917685825432,1.0,0.012332499987678602
145,76,141,60.338928250482574,-0.009699992220267682,0.16306730448037624,0.16335554976666383,23.686554716166256,4.579801393138379e-17,0.19429147624382667,28.172264055354866,0.9999999999999998,1.0000000000000002,76,1,30,30,0.19429147624382667,28.172264055354866,0.3332431780166722,2.519168437143752e-08,0.0022909097890686887,0.16335554976666386,4.579801393138379e-17,0.9999999999999046,1.1893778725078612,1.0,40,40,0.19429147624382667,28.172264055354866,0.3332431780166722,1.8499391780252775e-09,0.00019024970273483948,0.16335554976666386,4.579801393138379e-17,1.0,1.1893778725078612,1.0,0.010873699997318909
146,77,142,60.98181477121087,-0.012658710534326833,0.15337560221110833,0.1538971029812193,22.468977035258018,5.815852873680767e-17,0.18308374925370477,26.730227391040895,0.9999999999999998,1.0000000000000009,77,1,30,30,0.18308374925370477,26.730227391040895,0.31657485558011034,2.0026564028632888e-08,0.002267413393431145,0.15389710298121934,5.815852873680767e-17,0.9999999999998831,1.1896503943680292,1.0,40,40,0.18308374925370477,26.730227391040895,0.31657485558011034,1.2952394404217252e-09,0.00018765246762994934,0.15389710298121934,5.815852873680767e-17,1.0,1.1896503943680292,1.0,0.011450199992395937
147,77,143,61.16576677847459,-0.00881398083585289,0.16391179162459948,0.1641485963746291,24.129843667070478,2.42861286636753e-17,0.1951964352369456,28.693875979831002,0.9999999999999998,1.0000000000000007,77,1,31,31,0.1951964352369456,28.693875979831002,0.33461220080335397,2.3933546281713876e-08,0.0022443159152172043,0.1641485963746291,2.42861286636753e-17,0.9999999999999731,1.1891447112435696,1.0,41,41,0.1951964352369456,28.693875979831002,0.33461220080335397,1.6016345402601669e-09,0.00018510805682817345,0.1641485963746291,2.42861286636753e-17,1.0,1.1891447112435696,1.0,0.010982600011629984
148,78,144,61.8087853774815,-0.011758140664947243,0.15436082303215573,0.15480800224491365,22.91158433224722,5.815852873680767e-17,0.18413111927223433,27.251405652290682,0.9999999999999998,0.9999999999999992,78,1,31,31,0.18413111927223433,27.251405652290682,0.318176409752625,1.9112821851038172e-08,0.002221607936558882,0.1548080022449137,5.815852873680767e-17,0.9999999999999667,1.1894160289009486,1.0,41,41,0.18413111927223433,27.251405652290682,0.318176409752625,1.1308490040156672e-09,0.00018261504747991235,0.1548080022449137,5.815852873680767e-17,1.0,1.1894160289009486,1.0,0.011525800015078858
149,79,145,62.45103086713665,-0.014471874819207984,0.14493136605931703,0.14565210615917154,21.70216381771656,3.804545602077247e-17,0.17327691519329816,25.818260363801425,0.9999999999999998,1.0000000000000002,79,1,31,31,0.17327691519329816,25.818260363801425,0.30179889141171434,1.528187491434445e-08,0.002199280323541048,0.14565210615917157,3.804545602077247e-17,0.9999999999999594,1.1896629562221206,1.0,41,41,0.17327691519329816,25.818260363801425,0.30179889141171434,8.016526600642898e-10,0.00018017206432142696,0.14565210615917157,3.804545602077247e-17,1.0,1.1896629562221206,1.0,0.011733999999705702
150,79,146,62.635779445724815,-0.01087812199313533,0.15531823205003767,0.15569870502109798,23.354805753164698,3.3682237275240583e-17,0.18515508957485513,27.77326343622827,0.9999999999999998,1.0,79,1,31,31,0.18515508957485513,27.77326343622827,0.3197406978546903,1.826868715073649e-08,0.0021773242158072696,0.155698705021098,3.3682237275240583e-17,0.9999999999999647,1.1891883721818088,1.0,41,41,0.18515508957485513,27.77326343622827,0.3197406978546903,9.923464162448577e-10,0.00017777777777777779,0.155698705021098,3.3682237275240583e-17,1.0,1.1891883721818088,1.0,0.013410400017164648
151,80,147,63.27816151803461,-0.013584235446673636,0.14602147070217486,0.1466519735929141,22.144448012530027,6.059128614320848e-17,0.17443294248495644,26.339374315228422,0.9999999999999998,1.0,80,1,31,31,0.17443294248495644,26.339374315228422,0.3035854825479315,1.4669969396113894e-08,0.0021557310166123427,0.14665197359291415,6.059128614320848e-17,0.9999999999999571,1.189434674566048,1.0,41,41,0.17443294248495644,26.339374315228422,0.3035854825479315,7.089979427479394e-10,0.00017543090215341433,0.14665197359291415,6.059128614320848e-17,1.0,1.189434674566048,1.0,0.017440900002839044
152,80,148,63.46279655063361,-0.010018177766058164,0.15624894537195352,0.1565697825750552,23.798606951408388,1.4088688899021424e-16,0.18615632673889085,28.29576166431141,0.9999999999999998,1.0000000000000002,80,1,31,31,0.18615632673889085,28.29576166431141,0.3212688285582644,1.7487266855123106e-08,0.002134492383299507,0.15656978257505533,1.4088688899021424e-16,0.9999999999999629,1.1889671408954834,1.0,41,41,0.18615632673889085,28.29576166431141,0.3212688285582644,8.749890353781662e-10,0.00017313019390581717,0.15656978257505533,1.4088688899021424e-16,1.0000000000000002,1.1889671408954834,1.0,0.012563199998112395
153,81,149,64.10531184972709,-0.012715468332758318,0.14708137515376019,0.14762999035440774,22.587388524224384,8.505453752507596e-17,0.17556346894817504,26.861210749070782,0.9999999999999998,0.9999999999999983,81,1,31,31,0.17556346894817504,26.861210749070782,0.30533068281074893,1.4100861872291455e-08,0.002113600218181551,0.14762999035440783,8.505453752507596e-17,0.9999999999999548,1.1892127644708832,1.0,41,41,0.17556346894817504,26.861210749070782,0.30533068281074893,6.298509088526656e-10,0.00017087444999786406,0.14762999035440783,8.505453752507596e-17,1.0,1.1892127644708832,1.0,0.012293299980228767
154,82,150,64.74709028620772,-0.015199502397623247,0.13803057528919538,0.13886491489142097,21.38519689327883,5.815852873680767e-17,0.16517096735027995,25.436328971943112,0.9999999999999998,0.9999999999999992,82,1,31,31,0.16517096735027995,25.436328971943112,0.2894561420451309,1.1379594410129543e-08,0.0020930466598061827,0.13886491489142103,5.815852873680767e-17,0.9999999999999452,1.1894362768264957,1.0,41,41,0.16517096735027995,25.436328971943112,0.2894561420451309,4.5486936095965017e-10,0.00016866250632484398,0.13886491489142103,5.815852873680767e-17,1.0,1.1894362768264957,1.0,0.012884600000688806
155,82,151,64.93248156834132,-0.011865239596970568,0.148112263361804,0.14858676411056912,23.030948437138214,1.1328952961336746e-16,0.1766692113286948,27.383727755947692,0.9999999999999998,0.9999999999999991,82,1,31,31,0.1766692113286948,27.383727755947692,0.30703572221808556,1.3570614459016902e-08,0.002072824074587094,0.1485867641105692,1.1328952961336746e-16,0.9999999999999525,1.188996963398627,1.0,41,41,0.1766692113286948,27.383727755947692,0.30703572221808556,5.619005682053152e-10,0.00016649323621227888,0.1485867641105692,1.1328952961336746e-16,1.0,1.188996963398627,1.0,0.01240829998278059
156,83,152,65.57439708086152,-0.014346538661926044,0.13918333782438932,0.13992078008471873,21.827641693216123,8.505453752507596e-17,0.16639662878755207,25.957874090858123,0.9999999999999998,0.9999999999999999,83,1,31,31,0.16639662878755207,25.957874090858123,0.29136854362101045,1.0995195551615631e-08,0.002052925048783168,0.1399207800847188,8.505453752507596e-17,0.9999999999999425,1.1892202765507942,1.0,41,41,0.16639662878755207,25.957874090858123,0.29136854362101045,4.0865726885670704e-10,0.0001643655489809336,0.1399207800847188,8.505453752507596e-17,1.0,1.1892202765507942,1.0,0.012771699985023588
157,83,153,65.75967038345523,-0.011033194107666566,0.14911526240351447,0.14952288404751438,23.47509279545976,8.673617379884035e-17,0.1777508641696716,27.90688567463844,0.9999999999999998,0.9999999999999999,83,1,31,31,0.1777508641696716,27.90688567463844,0.30870178926431263,1.3075728745973283e-08,0.0020333423808092284,0.14952288404751443,8.673617379884035e-17,0.9999999999999499,1.188787022815766,1.0,41,41,0.1777508641696716,27.90688567463844,0.30870178926431263,5.032833556299353e-10,0.00016227838857560143,0.14952288404751443,8.673617379884035e-17,1.0,1.188787022815766,1.0,0.016045299998950213
158,84,154,66.4017197292706,-0.013510417397727794,0.14030516506381716,0.14095414403927897,22.270754758206078,8.371725890308806e-17,0.16759589719179255,26.480151756303222,0.9999999999999998,0.9999999999999984,84,1,31,31,0.16759589719179255,26.480151756303222,0.29323737613569845,1.0634851787212313e-08,0.0020140690738626077,0.14095414403927906,8.371725890308806e-17,0.9999999999999398,1.1890100736952398,1.0,41,41,0.16759589719179255,26.480151756303222,0.29323737613569845,3.685009537062379e-10,0.0001602307322544464,0.14095414403927906,8.371725890308806e-17,1.0,1.1890100736952398,1.0,0.015552900003967807
159,85,155,67.04306535618069,-0.015789564828717722,0.1316072053734679,0.13255099721878535,21.07560855778687,6.059128614320848e-17,0.1576313694826684,25.063387747744276,0.9999999999999998,0.9999999999999994,85,1,31,31,0.1576313694826684,25.063387747744276,0.2778409190674843,8.653676812695856e-09,0.001995098328850677,0.13255099721878538,6.059128614320848e-17,0.999999999999928,1.1892130032223447,1.0,41,41,0.1576313694826684,25.063387747744276,0.2778409190674843,2.705205155580708e-10,0.0001582215893358649,0.13255099721878538,6.059128614320848e-17,1.0,1.1892130032223447,1.0,0.01378050001221709
160,85,156,67.22905805819887,-0.012690921718496255,0.14139722286253842,0.14196560895971727,22.71449743355476,8.342919866351945e-17,0.1687694879357694,27.003118069723104,0.9999999999999998,0.9999999999999996,85,1,31,31,0.1687694879357694,27.003118069723104,0.2950639018693536,1.0296553387178511e-08,0.001976423537605237,0.14196560895971735,8.342919866351945e-17,0.9999999999999372,1.188805437968133,1.0,41,41,0.1687694879357694,27.003118069723104,0.2950639018693536,3.3345832630213587e-10,0.00015625,0.14196560895971735,8.342919866351945e-17,1.0,1.188805437968133,1.0,0.013517399987904355
161,86,157,67.87054081576731,-0.014971377413853107,0.13281140929005514,0.13365258164090424,21.518065644185583,5.721958498152797e-17,0.1589140561351929,25.58516303776606,0.9999999999999998,1.0000000000000002,86,1,31,31,0.1589140561351929,25.58516303776606,0.2798609852254981,8.409283589425118e-09,0.0019580382763704366,0.13365258164090432,5.721958498152797e-17,0.999999999999925,1.189008503869838,1.0,41,41,0.1589140561351929,25.58516303776606,0.2798609852254981,2.449652537088377e-10,0.0001543150341422013,0.13365258164090432,5.721958498152797e-17,0.9999999999999999,1.189008503869838,1.0,0.014248100022086874
162,86,158,68.05641189299516,-0.011887806411945478,0.14246062895703482,0.14295576499085946,23.158833928519233,5.815852873680767e-17,0.16991810160243842,27.526732459595024,0.9999999999999998,1.0000000000000002,86,1,31,31,0.16991810160243842,27.526732459595024,0.2968493525461397,9.978496491497345e-09,0.0019399362995515708,0.14295576499085952,5.815852873680767e-17,0.9999999999999344,1.188606151093682,1.0,41,41,0.16991810160243842,27.526732459595024,0.2968493525461397,3.013249179306648e-10,0.00015241579027587258,0.14295576499085952,5.815852873680767e-17,0.9999999999999999,1.188606151093682,1.0,0.013340999983483925
163,87,159,68.6980286537559,-0.014168124478352678,0.13398431479243664,0.13473133400079157,21.961207442129027,8.777083671441753e-17,0.16016986079288578,26.107687309240383,0.9999999999999998,0.9999999999999992,87,1,31,31,0.16016986079288578,26.107687309240383,0.28183595409174245,8.178548783912017e-09,0.0019221115337127788,0.13473133400079162,8.777083671441753e-17,0.9999999999999218,1.1888092846460256,1.0,41,41,0.16016986079288578,26.107687309240383,0.28183595409174245,2.219657803129605e-10,0.00015055139448229139,0.13473133400079162,8.777083671441753e-17,0.9999999999999999,1.1888092846460256,1.0,0.01609750001807697
164,87,160,68.88378105802397,-0.011100806701412667,0.14349644881424195,0.14392518449430763,23.603730257066452,6.285829819150323e-17,0.1710424172118025,28.05095642273561,0.9999999999999998,0.9999999999999991,87,1,31,31,0.1710424172118025,28.05095642273561,0.29859491808231114,9.67905802083053e-09,0.001904558071812269,0.1439251844943077,6.285829819150323e-17,0.9999999999999315,1.1884120059513794,1.0,41,41,0.1710424172118025,28.05095642273561,0.29859491808231114,2.722494414747376e-10,0.000148720999405116,0.1439251844943077,6.285829819150323e-17,0.9999999999999999,1.1884120059513794,1.0,0.017297300015343353
165,88,161,69.52552880008861,-0.013379692245691991,0.1351270582772648,0.13578784203034064,22.404993935006207,6.285829819150323e-17,0.16139948531944473,26.63091507770838,0.9999999999999998,1.0000000000000013,88,1,31,31,0.16139948531944473,26.63091507770838,0.28376709778317205,7.96043791689219e-09,0.0018872701676642982,0.1357878420303407,6.285829819150323e-17,0.9999999999999188,1.188615143345318,1.0,41,41,0.16139948531944473,26.63091507770838,0.28376709778317205,2.017767259904207e-10,0.00014692378328741966,0.1357878420303407,6.285829819150323e-17,0.9999999999999999,1.188615143345318,1.0,0.0156307999859564
166,89,162,70.16660908702568,-0.015480053251302799,0.12686178925204106,0.12780276061530302,21.215258262140303,8.542522420166517e-17,0.15193196037678683,25.220705422546615,0.9999999999999998,0.9999999999999994,89,1,31,31,0.15193196037678683,25.220705422546615,0.26900596728510945,6.548006921592976e-09,0.0018702422306176695,0.1278027606153031,8.542522420166517e-17,0.9999999999999041,1.1888003016939104,1.0,42,42,0.15193196037678683,25.220705422546615,0.26900596728510945,3.2488571661517046e-11,0.00014515894904920887,0.1278027606153031,8.542522420166517e-17,1.0,1.1888003016939104,1.0,0.01614500000141561
167,89,163,70.35304117941948,-0.012605937285457494,0.13624073325259178,0.1368226847129114,22.849388347056202,5.869931039739981e-17,0.16260362059625538,27.15480463957465,0.9999999999999998,0.9999999999999994,89,1,31,31,0.16260362059625538,27.15480463957465,0.2856556629835606,7.754013675159533e-09,0.0018534688204410463,0.13682268471291145,5.869931039739981e-17,0.9999999999999157,1.1884258881298735,1.0,42,42,0.16260362059625538,27.15480463957465,0.2856556629835606,4.0057046752815676e-11,0.0001434257234034924,0.13682268471291145,5.869931039739981e-17,1.0,1.1884258881298735,1.0,0.016393500001868233
168,90,164,70.99425528747572,-0.014709440535672292,0.1280765543390248,0.12891846808052618,21.658302637528397,5.721958498152797e-17,0.15323395766489967,25.743304887703143,0.9999999999999998,1.0,90,1,31,31,0.15323395766489967,25.743304887703143,0.27107179128503156,6.399446109951982e-09,0.001836944642405856,0.12891846808052623,5.721958498152797e-17,0.9999999999999007,1.1886113754406804,1.0,42,42,0.15323395766489967,25.743304887703143,0.27107179128503156,2.9596814388757106e-11,0.0001417233560090703,0.12891846808052623,5.721958498152797e-17,1.0,1.1886113754406804,1.0,0.016837700008181855
169,90,165,71.1805657117132,-0.011846687625703973,0.1373263847318822,0.13783642461711612,23.294355760292625,8.777083671441753e-17,0.16378293741239439,27.67931642269465,0.9999999999999998,1.0000000000000002,90,1,31,31,0.16378293741239439,27.67931642269465,0.28750285552065985,7.558424717834123e-09,0.0018206645425580337,0.1378364246171162,8.777083671441753e-17,0.9999999999999125,1.188241336550573,1.0,42,42,0.16378293741239439,27.67931642269465,0.28750285552065985,3.6383235576493235e-11,0.0001400511186583103,0.1378364246171162,8.777083671441753e-17,1.0,1.188241336550573,1.0,0.016925000003539026
170,91,166,71.82191072683042,-0.013951964347844384,0.12926104851138687,0.1300118301210572,22.10201112057972,1.140308571841497e-16,0.15450958039964424,26.26662866793952,0.9999999999999998,0.9999999999999999,91,1,31,31,0.15450958039964424,26.26662866793952,0.27309279104129724,6.258125344097871e-09,0.0018046235031702834,0.1300118301210573,1.140308571841497e-16,0.9999999999998972,1.1884270858719288,1.0,42,42,0.15450958039964424,26.26662866793952,0.27309279104129724,2.7041299722752697e-11,0.0001384083044982699,0.1300118301210573,1.140308571841497e-16,1.0,1.1884270858719288,1.0,0.023145300016039982
171,92,167,72.46261577676462,-0.015890279169442346,0.12129571422412216,0.12233213503091787,20.918795090286956,6.059128614320848e-17,0.14540352849068952,24.86400337190791,0.9999999999999998,1.0000000000000007,92,1,31,31,0.14540352849068952,24.86400337190791,0.25875227121347044,5.18097403870218e-09,0.0017888166383669534,0.12233213503091793,6.059128614320848e-17,0.9999999999998797,1.1885963443206533,1.0,42,42,0.14540352849068952,24.86400337190791,0.25875227121347044,2.013589720606269e-11,0.00013679422728360863,0.12233213503091793,6.059128614320848e-17,1.0,1.1885963443206533,1.0,0.019765600009122863
172,92,168,72.64957541486228,-0.013207570611167806,0.130416326188721,0.13108340115366193,22.546344998429852,1.1295700899707568e-16,0.15575949277215106,26.790632756809984,0.9999999999999998,1.0000000000000004,92,1,31,31,0.15575949277215106,26.790632756809984,0.27507019624936535,6.123558427347395e-09,0.0017732391899140077,0.13108340115366207,1.1295700899707568e-16,0.9999999999998939,1.188247263965654,1.0,42,42,0.15575949277215106,26.790632756809984,0.27507019624936535,2.4775295117177118e-11,0.00013520822065981613,0.13108340115366207,1.1295700899707568e-16,1.0,1.188247263965654,1.0,0.01898059999803081
173,93,169,73.29041382020736,-0.015151771789530697,0.12254447726648032,0.12347762994517238,21.36162998051482,6.206335383118183e-17,0.14674292167615394,25.38652544997463,0.9999999999999998,0.9999999999999998,93,1,32,32,0.14674292167615394,25.38652544997463,0.2608955676940944,5.085444148024518e-09,0.0017578865231669492,0.12347762994517243,6.206335383118183e-17,0.9999999999999641,1.1884170577400297,1.0,42,42,0.14674292167615394,25.38652544997463,0.2608955676940944,1.8552273473587248e-11,0.00013364963747535834,0.12347762994517243,6.206335383118183e-17,1.0,1.1884170577400297,1.0,0.021719699987443164
174,93,170,73.4772493537096,-0.012476170515722033,0.13154340172586296,0.13213372532532766,22.991268206607014,3.6880726988814706e-17,0.15698434611901468,27.315276224708555,0.9999999999999998,0.9999999999999998,93,1,32,32,0.15698434611901468,27.315276224708555,0.2770052071035611,5.995300062463042e-09,0.001742754123169893,0.1321337253253277,3.6880726988814706e-17,0.9999999999999684,1.1880717487719512,1.0,42,42,0.15698434611901468,27.315276224708555,0.2770052071035611,2.275951207097513e-11,0.0001321178491214163,0.1321337253253277,3.6880726988814706e-17,1.0,1.1880717487719512,1.0,0.023587700008647516
175,94,171,74.1182183072207,-0.014424832504443454,0.12376307781985611,0.12460086365762081,21.80515114008364,3.804545602077247e-17,0.14805598061446726,25.90979660753177,0.9999999999999998,1.0000000000000002,94,1,32,32,0.14805598061446726,25.90979660753177,0.26299345717089395,4.994030353777599e-09,0.0017278375908993246,0.12460086365762084,3.804545602077247e-17,0.999999999999963,1.1882420094719135,1.0,42,42,0.14805598061446726,25.90979660753177,0.26299345717089395,1.7135184681452233e-11,0.00013061224489795917,0.12460086365762084,3.804545602077247e-17,1.0,1.1882420094719135,1.0,0.023343599983491004
176,94,172,74.30493253853672,-0.011757649757115868,0.13264324649096962,0.1331633326688512,23.43674654971781,8.777083671441753e-17,0.15818477440126164,27.84052029462205,0.9999999999999998,1.0000000000000002,94,1,32,32,0.15818477440126164,27.84052029462205,0.2788989869396325,5.872941584809033e-09,0.0017131326396463843,0.13316333266885128,8.777083671441753e-17,0.9999999999999674,1.1879003869228284,1.0,42,42,0.15818477440126164,27.84052029462205,0.2788989869396325,2.0960780978512125e-11,0.00012913223140495868,0.13316333266885128,8.777083671441753e-17,1.0,1.1879003869228284,1.0,0.020958200009772554
177,95,173,74.94602932046723,-0.013709483711383462,0.12495252690176555,0.1257023624390931,22.24931815171948,7.83703449225051e-17,0.1493433377748926,26.43377078615599,0.9999999999999998,1.0000000000000009,95,1,32,32,0.1493433377748926,26.43377078615599,0.2650471404387049,4.906484500392249e-09,0.0016986350915318166,0.1257023624390932,7.83703449225051e-17,0.9999999999999616,1.1880710503532048,1.0,42,42,0.1493433377748926,26.43377078615599,0.2650471404387049,1.5863463192486993e-11,0.00012767723195761116,0.1257023624390932,7.83703449225051e-17,1.0,1.1880710503532048,1.0,0.022572499990928918
178,96,174,75.58651637214078,-0.015509692636132772,0.11735485954726231,0.11837530834183696,21.07080488484698,7.757919228897728e-17,0.14065671817839376,25.036895835754088,0.9999999999999998,0.9999999999999993,96,1,32,32,0.14065671817839376,25.036895835754088,0.2512626171922535,4.0758081172390185e-09,0.0016843408741480032,0.11837530834183704,7.757919228897728e-17,0.9999999999999553,1.1882268367336701,1.0,42,42,0.14065671817839376,25.036895835754088,0.2512626171922535,1.2022473774109668e-11,0.00012624668602449185,0.11837530834183704,7.757919228897728e-17,1.0,1.1882268367336701,1.0,0.02793880001991056
179,96,175,75.77384693265222,-0.013005712793655819,0.12611380226692098,0.1267826474226308,22.69409388865091,6.13071990641655e-17,0.15060561885815343,26.958405775609464,0.9999999999999998,0.9999999999999994,96,1,32,32,0.15060561885815343,26.958405775609464,0.26705779853662515,4.814721806065764e-09,0.0016702460173227617,0.12678264742263085,6.13071990641655e-17,0.9999999999999605,1.1879040382877368,1.0,42,42,0.15060561885815343,26.958405775609464,0.26705779853662515,1.4719048412106465e-11,0.000124840048687619,0.12678264742263085,6.13071990641655e-17,0.9999999999999999,1.1879040382877368,1.0,0.027088899980299175
180,97,176,76.41446394330168,-0.014812639721213518,0.11860102478929649,0.11952245553276503,21.514041995897706,5.928593550334434e-17,0.1419999027488278,25.559982494789,0.9999999999999998,1.0,97,1,32,32,0.1419999027488278,25.559982494789,0.2534260104431292,3.986626470001418e-09,0.0016563466499998443,0.11952245553276508,5.928593550334434e-17,0.999999999999954,1.1880604537103152,1.0,42,42,0.1419999027488278,25.559982494789,0.2534260104431292,1.1210928710989736e-11,0.0001234567901234568,0.11952245553276508,5.928593550334434e-17,0.9999999999999999,1.1880604537103152,1.0,0.024595700000645593
181,97,177,76.60167120726285,-0.01231347546247047,0.12724784207189876,0.12784222694368147,23.139443076806344,8.955273674796307e-17,0.15184343370966222,27.48366150144886,0.9999999999999998,1.0,97,1,32,32,0.15184343370966222,27.48366150144886,0.26902657726524537,4.6977943949581455e-09,0.0016426389972313067,0.12784222694368153,8.955273674796307e-17,0.9999999999999591,1.1877408375915888,1.0,42,42,0.15184343370966222,27.48366150144886,0.26902657726524537,1.3686473532672668e-11,0.00012209639510393455,0.12784222694368153,8.955273674796307e-17,0.9999999999999999,1.1877408375915888,1.0,0.02423290000297129
182,98,178,77.24241555589266,-0.014125791729631671,0.11981827418108415,0.12064807010359671,21.957948758854602,8.955273674796307e-17,0.14331757917236454,26.083799409370346,0.9999999999999998,1.0000000000000002,98,1,32,32,0.14331757917236454,26.083799409370346,0.25554492868178214,3.9015853601477435e-09,0.0016291193772771453,0.1206480701035968,8.955273674796307e-17,0.9999999999999527,1.1878978175888122,1.0,42,42,0.14331757917236454,26.083799409370346,0.25554492868178214,1.047480303700687e-11,0.00012075836251660427,0.1206480701035968,8.955273674796307e-17,1.0,1.1878978175888122,1.0,0.027004800009308383
183,99,179,77.88257332455737,-0.015795446199301393,0.11247815330729581,0.1135818255358425,20.785474073059177,7.351626287044711e-17,0.13493987236834226,24.693996643406635,0.9999999999999998,0.9999999999999999,99,1,32,32,0.13493987236834226,24.693996643406635,0.24213250783133108,3.238817263471635e-09,0.0016157841988078095,0.11358182553584259,7.351626287044711e-17,0.999999999999945,1.1880410596654822,1.0,42,42,0.13493987236834226,24.693996643406635,0.24213250783133108,8.025008545734546e-12,0.00011944220490310251,0.11358182553584259,7.351626287044711e-17,1.0,1.1880410596654822,1.0,0.034416699985740706
184,99,180,78.07037134314625,-0.013449204645741534,0.12100754010411968,0.12175264213828449,22.402486153444347,1.0056908806174537e-16,0.14461033739284868,26.608302080284155,0.9999999999999998,0.9999999999999998,99,1,32,32,0.14461033739284868,26.608302080284155,0.2576205129189688,3.820418664908414e-09,0.0016026299582054036,0.12175264213828459,1.0056908806174537e-16,0.9999999999999514,1.1877388026504,1.0,42,42,0.14461033739284868,26.608302080284155,0.2576205129189688,9.805512323027096e-12,0.00011814744801512288,0.12175264213828459,1.0056908806174537e-16,1.0,1.1877388026504,1.0,0.0282156000030227
185,100,181,78.71065829570821,-0.015127484782995155,0.11374627602629454,0.11474779346771657,21.228341791527566,9.972774239617184e-17,0.13630693035986788,25.21678211657556,0.9999999999999998,0.9999999999999999,100,1,32,32,0.13630693035986788,25.21678211657556,0.24435139739241177,3.1808328385073124e-09,0.0015896532369595842,0.11474779346771667,9.972774239617184e-17,0.9999999999999437,1.1878828014084366,1.0,42,42,0.13630693035986788,25.21678211657556,0.24435139739241177,7.547099559933858e-12,0.0001168736303871439,0.11474779346771667,9.972774239617184e-17,1.0,1.1878828014084366,1.0,0.029854799999156967
186,100,182,78.89833142731361,-0.012782897146189912,0.12216972242838585,0.12283665388506362,22.847617622621833,1.0056908806174537e-16,0.1458787573916473,27.133448874846398,0.9999999999999998,0.9999999999999997,100,1,32,32,0.1458787573916473,27.133448874846398,0.25965387854064664,3.742881799384561e-09,0.0015768506991543365,0.12283665388506372,1.0056908806174537e-16,0.99999999999995,1.1875832886830653,1.0,42,42,0.1458787573916473,27.133448874846398,0.25965387854064664,9.195610144202451e-12,0.00011562030292519366,0.12283665388506372,1.0056908806174537e-16,1.0,1.1875832886830653,1.0,0.028750099998433143
187,101,183,79.53874503917612,-0.014468443866545281,0.11498584548942137,0.11589253871943808,21.67190474053492,8.505453752507596e-17,0.13764881093247663,25.74032764437313,0.9999999999999998,1.0000000000000007,101,1,32,32,0.13764881093247663,25.74032764437313,0.24652581273622606,3.1252271922281786e-09,0.0015642190890419907,0.11589253871943817,8.505453752507596e-17,0.9999999999999423,1.187727980191269,1.0,42,42,0.13764881093247663,25.74032764437313,0.24652581273622606,7.109425141582548e-12,0.00011438702851096685,0.11589253871943817,8.505453752507596e-17,1.0,1.187727980191269,1.0,0.032567999995080754
188,101,184,79.72629592039887,-0.012126859736105666,0.12330568662227818,0.12390057740160315,23.293308551501394,9.93498412932028e-17,0.14712340643726504,27.659200410205827,0.9999999999999998,1.0000000000000009,101,1,32,32,0.14712340643726504,27.659200410205827,0.26164611100997726,3.6687495581609404e-09,0.001551755228701006,0.12390057740160325,9.93498412932028e-17,0.9999999999999487,1.187431160715167,1.0,43,43,0.14712340643726504,27.659200410205827,0.26164611100997726,8.638617371776734e-12,0.00011317338162064282,0.12390057740160325,9.93498412932028e-17,1.0,1.187431160715167,1.0,0.02515460000722669
189,102,185,80.3668337400287,-0.013818436823399902,0.11619774672518482,0.11701651823675363,22.116121946746436,7.609091204154493e-17,0.1389660653595285,26.264586352950886,0.9999999999999998,0.9999999999999998,102,1,32,32,0.1389660653595285,26.264586352950886,0.2486568464828339,3.071863142573816e-09,0.0015394560157741966,0.1170165182367537,7.609091204154493e-17,0.9999999999999409,1.187576484529863,1.0,43,43,0.1389660653595285,26.264586352950886,0.2486568464828339,6.7077892617456985e-12,0.00011197894795778394,0.1170165182367537,7.609091204154493e-17,0.9999999999999999,1.187576484529863,1.0,0.025466999999480322
190,103,186,81.00681055158465,-0.01537961529663742,0.10917324546224613,0.11025121355990786,20.947730576382494,8.892890325501651e-17,0.1309463931245491,24.879814693664326,0.9999999999999998,0.9999999999999996,103,1,32,32,0.1309463931245491,24.879814693664326,0.23573409662876307,2.570501765700349e-09,0.001527318421284235,0.11025121355990794,8.892890325501651e-17,0.9999999999999323,1.1877093130897463,1.0,43,43,0.1309463931245491,24.879814693664326,0.23573409662876307,5.212086933072852e-12,0.00011080332409972299,0.11025121355990794,8.892890325501651e-17,1.0,1.1877093130897463,1.0,0.030330899986438453
191,103,187,81.19492457098589,-0.01317753937157838,0.11738283944948116,0.11812018684844759,22.56095568805349,8.542522420166517e-17,0.1402592417760679,26.78951517922897,0.9999999999999998,0.9999999999999998,103,1,32,32,0.1402592417760679,26.78951517922897,0.2507455772234644,3.020613704763123e-09,0.001515339487523396,0.11812018684844766,8.542522420166517e-17,0.9999999999999395,1.1874282078136695,1.0,43,43,0.1402592417760679,26.78951517922897,0.2507455772234644,6.3385096024958115e-12,0.00010964611715687619,0.11812018684844766,8.542522420166517e-17,1.0,1.1874282078136695,1.0,0.028647199971601367
192,104,188,81.8350272108297,-0.01474757364697006,0.11043041534901443,0.1114108054123506,21.390874639171315,8.505453752507596e-17,0.13230721993679412,25.40298622786447,0.9999999999999998,0.9999999999999992,104,1,32,32,0.13230721993679412,25.40298622786447,0.2379554102312356,2.5345350782810163e-09,0.0015035163260146505,0.11141080541235067,8.505453752507596e-17,0.9999999999999307,1.1875618298162578,1.0,43,43,0.13230721993679412,25.40298622786447,0.2379554102312356,4.945784929466333e-12,0.00010850694444444444,0.11141080541235067,8.505453752507596e-17,1.0,1.1875618298162578,1.0,0.02649259997997433
193,104,189,82.0230176931852,-0.012545794666773509,0.11854195205751596,0.11920399054321652,23.00637017484079,7.410741937918043e-17,0.1415288772127297,27.31507330205683,0.9999999999999998,0.9999999999999991,104,1,32,32,0.1415288772127297,27.31507330205683,0.25279305587669065,2.9713609980194247e-09,0.0014918461155413358,0.11920399054321659,7.410741937918043e-17,0.999999999999938,1.187283047889403,1.0,43,43,0.1415288772127297,27.31507330205683,0.25279305587669065,5.9983456601045565e-12,0.00010738543316599103,0.11920399054321659,7.410741937918043e-17,1.0,1.187283047889403,1.0,0.02841579998494126
194,105,190,82.66324379850091,-0.014123426445305648,0.11166033443301866,0.11254999538093963,21.834699103902288,8.542522420166517e-17,0.1336438233258748,25.92690172521971,0.9999999999999998,1.0000000000000007,105,1,32,32,0.1336438233258748,25.92690172521971,0.24013352158085446,2.499830996124534e-09,0.001480326100242759,0.11254999538093971,8.542522420166517e-17,0.9999999999999291,1.1874174039149485,1.0,43,43,0.1336438233258748,25.92690172521971,0.24013352158085446,4.6993561111121824e-12,0.00010628122010840685,0.11254999538093971,8.542522420166517e-17,0.9999999999999999,1.1874174039149485,1.0,0.03267869999399409
195,106,191,83.30292864635003,-0.015577714881218955,0.10485902152067751,0.10600980895744723,20.67191274670221,7.351626287044711e-17,0.12589090488004737,24.548726451609237,0.9999999999999998,1.0000000000000009,106,1,32,32,0.12589090488004737,24.548726451609237,0.22754179183047454,2.101485933670369e-09,0.0014689535877731956,0.10600980895744731,7.351626287044711e-17,0.9999999999999192,1.1875401542378072,1.0,43,43,0.12589090488004737,24.548726451609237,0.22754179183047454,3.683155238383165e-12,0.0001051939513477975,0.10600980895744731,7.351626287044711e-17,1.0,1.1875401542378072,1.0,0.027750800014473498
196,106,192,83.49146053058121,-0.013507302442084089,0.11286381787183447,0.11366920692900322,22.27916455808463,8.542522420166517e-17,0.13495671458582345,26.451516058821397,0.9999999999999998,1.0000000000000007,106,1,32,32,0.13495671458582345,26.451516058821397,0.24226946073490963,2.4663264527467643e-09,0.0014577259475218659,0.1136692069290033,8.542522420166517e-17,0.9999999999999277,1.1872759407049986,1.0,43,43,0.13495671458582345,26.451516058821397,0.24226946073490963,4.470939252499115e-12,0.00010412328196584757,0.1136692069290033,8.542522420166517e-17,1.0,1.1872759407049986,1.0,0.031477599986828864
197,107,193,84.13127025299923,-0.014971801881705892,0.10612972993983419,0.10718056926834821,21.114572145864596,7.410741937918043e-17,0.12726616110758995,25.07143373819522,0.9999999999999998,0.9999999999999998,107,1,32,32,0.12726616110758995,25.07143373819522,0.2298024215316968,2.0787505861379157e-09,0.0014466406088915664,0.10718056926834829,7.410741937918043e-17,0.9999999999999175,1.1873995629651248,1.0,43,43,0.12726616110758995,25.07143373819522,0.2298024215316968,3.5179103684018243e-12,0.00010306887577623747,0.10718056926834829,7.410741937918043e-17,1.0,1.1873995629651248,1.0,0.04617909999797121
198,107,194,84.3196776104463,-0.01289929283311541,0.11404165481110348,0.11476885809159793,22.72423390213639,6.285829819150323e-17,0.13624639797912524,26.976786799866797,0.9999999999999998,0.9999999999999996,107,1,32,32,0.13624639797912524,26.976786799866797,0.24436423692063255,2.4339624360474707e-09,0.0014356950596337403,0.114768858091598,6.285829819150323e-17,0.9999999999999262,1.1871373493181046,1.0,43,43,0.13624639797912524,26.976786799866797,0.24436423692063255,4.258879364952803e-12,0.00010203040506070809,0.114768858091598,6.285829819150323e-17,1.0,1.1871373493181046,1.0,0.03453140001511201
199,108,195,84.95960993052617,-0.014372728894197873,0.10737367907076883,0.1083313541550117,21.557939476847327,7.152448122690996e-17,0.12861767696178422,25.59491771539506,0.9999999999999998,0.9999999999999998,108,1,32,32,0.12861767696178422,25.59491771539506,0.2320202058743103,2.056689070066238e-09,0.001424886844237861,0.10833135415501179,7.152448122690996e-17,0.999999999999916,1.1872617855191283,1.0,43,43,0.12861767696178422,25.59491771539506,0.2320202058743103,3.363825835414528e-12,0.000101007550314386,0.10833135415501179,7.152448122690996e-17,0.9999999999999999,1.1872617855191283,1.0,0.04020479999599047
200,108,196,85.14789522959359,-0.012299459951740413,0.11519460741642282,0.11584936034751439,23.16987206950288,8.441528768080324e-17,0.13751336943820844,27.502673887641688,0.9999999999999998,0.9999999999999997,108,1,32,32,0.13751336943820844,27.502673887641688,0.2464188367456751,2.4026836496950993e-09,0.001414213562373095,0.11584936034751447,8.441528768080324e-17,0.9999999999999246,1.1870015425696638,1.0,43,43,0.13751336943820844,27.502673887641688,0.2464188367456751,4.061701528566701e-12,0.0001,0.11584936034751447,8.441528768080324e-17,1.0,1.1870015425696638,1.0,0.05650520001654513
201,109,197,85.78794793191439,-0.01378066879970968,0.10859163767003091,0.10946255343461785,22.001973240358186,9.900089826667315e-17,0.12994592394576424,26.11913071309861,0.9999999999999998,1.0,109,1,32,32,0.12994592394576424,26.11913071309861,0.23419611832275583,2.035272855621119e-09,0.001403672867380295,0.10946255343461794,9.900089826667315e-17,0.9999999999999145,1.1871267375777155,1.0,43,43,0.12994592394576424,26.11913071309861,0.23419611832275583,3.2199448955135995e-12,9.900745031063588e-05,0.10946255343461794,9.900089826667315e-17,1.0,1.1871267375777155,1.0,0.04280090000247583
202,110,198,86.42748127219681,-0.015148505813159643,0.10206377336470937,0.10318183494110816,20.84273065810385,5.869931039739981e-17,0.12250173606267283,24.74535068465991,0.9999999999999998,1.0000000000000004,110,1,32,32,0.12250173606267283,24.74535068465991,0.22203827182778965,1.722514705347717e-09,0.001393262464812459,0.10318183494110822,5.869931039739981e-17,0.9999999999999031,1.1872413020430548,1.0,43,43,0.12250173606267283,24.74535068465991,0.22203827182778965,2.553040721965622e-12,9.802960494069208e-05,0.10318183494110822,5.869931039739981e-17,0.9999999999999999,1.1872413020430548,1.0,0.03924640000332147
203,110,199,86.61628449676861,-0.0131957560517874,0.10978435535859488,0.1105745570159814,22.446635074244224,9.900089826667315e-17,0.13125137312846683,26.644028745078767,0.9999999999999998,1.0000000000000004,110,1,32,32,0.13125137312846683,26.644028745078767,0.23633112310989962,2.0144750549179497e-09,0.001382980111021865,0.11057455701598151,9.900089826667315e-17,0.9999999999999128,1.1869943382137809,1.0,43,43,0.13125137312846683,26.644028745078767,0.23633112310989962,3.0854086846139813e-12,9.706617486471401e-05,0.11057455701598151,9.900089826667315e-17,1.0,1.1869943382137809,1.0,0.041983700008131564
204,111,200,87.25593946568827,-0.014573672786243306,0.10331829839873258,0.10434108837121663,21.285582027728193,7.410741937918043e-17,0.12386432630274614,25.268322565760215,0.9999999999999998,0.9999999999999997,111,1,33,33,0.12386432630274614,25.268322565760215,0.22428915625775891,8.467131601133575e-10,0.0013728236117921664,0.10434108837121668,7.410741937918043e-17,0.9999999999999699,1.1871097784802787,1.0,43,43,0.12386432630274614,25.268322565760215,0.22428915625775891,2.4551664696314297e-12,9.611687812379854e-05,0.10434108837121668,7.410741937918043e-17,1.0,1.1871097784802787,1.0,0.03846420001355
205,111,201,87.44461985205207,-0.012618092807605256,0.1109525574276215,0.11166774944374488,22.8918886359677,9.839109327619023e-17,0.13253448868637346,27.16957018070656,0.9999999999999998,0.9999999999999997,111,1,33,33,0.13253448868637346,27.16957018070656,0.2384261641376369,9.920642994704006e-10,0.0013627908210138112,0.11166774944374498,9.839109327619023e-17,0.9999999999999731,1.1868645096419774,1.0,43,43,0.13253448868637346,27.16957018070656,0.2384261641376369,2.9594445376182545e-12,9.518143961927425e-05,0.11166774944374498,9.839109327619023e-17,1.0,1.1868645096419774,1.0,0.03662259998964146
206,112,202,88.08439431316222,-0.014004912534121691,0.10454733771461128,0.10548119926461483,21.729127048510655,1.0103182026100663e-16,0.12520415534730092,25.79205600154399,0.9999999999999998,0.9999999999999991,112,1,33,33,0.12520415534730092,25.79205600154399,0.22649861813170719,8.357993679835467e-10,0.0013528796394011993,0.10548119926461492,1.0103182026100663e-16,0.9999999999999692,1.186980772120425,1.0,43,43,0.12520415534730092,25.79205600154399,0.22649861813170719,2.363150336305165e-12,9.425959091337543e-05,0.10548119926461492,1.0103182026100663e-16,1.0,1.186980772120425,1.0,0.04278550000162795
207,113,203,88.72366645235122,-0.015283988675531665,0.09821450474360545,0.09939662595815553,20.575101573338195,5.003707553108401e-17,0.11799245353987192,24.424437882753487,0.9999999999999998,1.0000000000000016,113,1,33,33,0.11799245353987192,24.424437882753487,0.21463683145986667,7.034677684468336e-10,0.001343088013250079,0.09939662595815557,5.003707553108401e-17,0.9999999999999654,1.1870871108798497,1.0,43,43,0.11799245353987192,24.424437882753487,0.21463683145986667,1.886881979558736e-12,9.33510700366403e-05,0.09939662595815557,5.003707553108401e-17,1.0,1.1870871108798497,1.0,0.0338810000102967
208,113,204,88.91284608521418,-0.013442400715786614,0.10575160004779803,0.10660252834559421,22.173325895883597,7.681907133143446e-17,0.1265216596531998,26.31650520786556,0.9999999999999998,1.0000000000000016,113,1,33,33,0.1265216596531998,26.31650520786556,0.22866757173461394,8.252299898686124e-10,0.001333413933233724,0.10660252834559429,7.681907133143446e-17,0.9999999999999689,1.1868542108403832,1.0,43,43,0.1265216596531998,26.31650520786556,0.22866757173461394,2.2765417617376756e-12,9.245562130177515e-05,0.10660252834559429,7.681907133143446e-17,1.0,1.1868542108403832,1.0,0.035539900010917336
209,114,205,89.55223880301577,-0.014732539120031165,0.09947662233959406,0.1005616532333149,21.017385525762812,7.351626287044711e-17,0.11936280801241189,24.946826874594084,0.9999999999999998,1.0000000000000009,114,1,33,33,0.11936280801241189,24.946826874594084,0.21691500083830562,6.963205865454168e-10,0.0013238554332365064,0.10056165323331497,7.351626287044711e-17,0.9999999999999647,1.1869614726348632,1.0,43,43,0.11936280801241189,24.946826874594084,0.21691500083830562,1.823921815829343e-12,9.157299512373801e-05,0.10056165323331497,7.351626287044711e-17,1.0,1.1869614726348632,1.0,0.0394629999937024
210,114,206,89.74129503923571,-0.01288627651757912,0.10693177347763538,0.1077054330178373,22.618140933745835,7.29615702744112e-17,0.12781727123850498,26.841626960086046,0.9999999999999998,1.0000000000000009,114,1,33,33,0.12781727123850498,26.841626960086046,0.23079691527106844,8.149897209212694e-10,0.0013144105892235317,0.10770543301783737,7.29615702744112e-17,0.9999999999999685,1.1867300251913653,1.0,43,43,0.12781727123850498,26.841626960086046,0.23079691527106844,2.1949317976016525e-12,9.070294784580499e-05,0.10770543301783737,7.29615702744112e-17,1.0,1.1867300251913653,1.0,0.03241780001553707
211,115,207,90.3808062753338,-0.01418629193109054,0.10071380170866753,0.10170801705552483,21.46039159871574,7.29615702744112e-17,0.12071095563481285,25.47001163894551,0.9999999999999998,0.9999999999999992,115,1,33,33,0.12071095563481285,25.47001163894551,0.21915231552103057,6.893621034781678e-10,0.0013050775181450507,0.1017080170555249,7.29615702744112e-17,0.9999999999999641,1.1868381581848544,1.0,43,43,0.12071095563481285,25.47001163894551,0.21915231552103057,1.7643551774937335e-12,8.984524157139328e-05,0.1017080170555249,7.29615702744112e-17,1.0,1.1868381581848544,1.0,0.040718100004596636
212,116,208,91.01983118353736,-0.015383675423519002,0.09456564499140185,0.09580876098862791,20.311457329589118,7.112366251504909e-17,0.11371896420820843,24.108420412140187,0.9999999999999998,0.9999999999999986,116,1,33,33,0.11371896420820843,24.108420412140187,0.20757421577907734,5.824596881473421e-10,0.0012958543768744248,0.09580876098862799,7.112366251504909e-17,0.9999999999999596,1.1869370090456173,1.0,43,43,0.11371896420820843,24.108420412140187,0.20757421577907734,1.417864027063606e-12,8.8999644001424e-05,0.09580876098862799,7.112366251504909e-17,1.0,1.1869370090456173,1.0,0.03413640000508167
213,116,209,91.20936916632029,-0.013645457615109501,0.10192670860494069,0.10283604640670624,21.90407788462843,5.928593550334434e-17,0.12203729508208437,25.99394385248397,0.9999999999999998,0.9999999999999983,116,1,33,33,0.12203729508208437,25.99394385248397,0.2213496318736283,6.825854553040625e-10,0.0012867393611784633,0.1028360464067063,5.928593550334434e-17,0.9999999999999637,1.186717103061694,1.0,44,44,0.12203729508208437,25.99394385248397,0.2213496318736283,1.7079445371041744e-12,8.816592827701734e-05,0.1028360464067063,5.928593550334434e-17,1.0,1.186717103061694,1.0,0.03258630001801066
214,117,210,91.84851353896316,-0.014854750558138027,0.09583276616256778,0.0969772276594557,20.753126719123518,5.928593550334434e-17,0.11509421386657376,24.630161767446783,0.9999999999999998,0.9999999999999991,117,1,33,33,0.11509421386657376,24.630161767446783,0.2098744988763344,5.781350295548079e-10,0.0012777307047189966,0.09697722765945575,5.928593550334434e-17,0.999999999999959,1.1868169120150298,1.0,44,44,0.11509421386657376,24.630161767446783,0.2098744988763344,1.3769800614148425e-12,8.734387282732117e-05,0.09697722765945575,5.928593550334434e-17,1.0,1.1868169120150298,1.0,0.045771699980832636
215,117,211,92.03792775938975,-0.013110208746613231,0.10311599426398567,0.10394607181817934,22.34840544090856,4.734873626495502e-17,0.12334222641303401,26.518578678802314,0.9999999999999998,0.9999999999999989,117,1,33,33,0.12334222641303401,26.518578678802314,0.22350780066745057,6.759841090821826e-10,0.001268826678084602,0.1039460718181794,4.734873626495502e-17,0.9999999999999631,1.1865982451821948,1.0,44,44,0.12334222641303401,26.518578678802314,0.22350780066745057,1.6544725234265267e-12,8.653326122228231e-05,0.1039460718181794,4.734873626495502e-17,1.0,1.1865982451821948,1.0,0.04564339999342337
216,118,212,92.67718960937853,-0.014330217877091276,0.09707552638512582,0.09812753419583194,21.195547386299697,2.5018537765542006e-17,0.11644784299784976,25.15273408753555,0.9999999999999998,0.9999999999999997,118,1,33,33,0.11644784299784976,25.15273408753555,0.2121345874422329,5.738954512401993e-10,0.0012600255878514291,0.09812753419583195,2.5018537765542006e-17,0.9999999999999585,1.1866989622449515,1.0,44,44,0.11644784299784976,25.15273408753555,0.2121345874422329,1.3380694759686415e-12,8.573388203017832e-05,0.09812753419583195,2.5018537765542006e-17,1.0,1.1866989622449515,1.0,0.05467260000295937
217,118,213,92.866482325039,-0.012580686562588565,0.1042822911849318,0.10503842120464779,22.79333740140857,3.3682237275240583e-17,0.1246261461432827,27.043873713092346,0.9999999999999998,0.9999999999999998,118,1,33,33,0.1246261461432827,27.043873713092346,0.22562765860396372,6.695518171062324e-10,0.0012513257756721302,0.10503842120464782,3.3682237275240583e-17,0.9999999999999625,1.1864815247029643,1.0,44,44,0.1246261461432827,27.043873713092346,0.22562765860396372,1.6037398654197587e-12,8.494552867973413e-05,0.10503842120464782,3.3682237275240583e-17,0.9999999999999999,1.1864815247029643,1.0,0.04880560000310652
218,119,214,93.50585971422458,-0.013810318207219573,0.0982945514930137,0.09925998056718216,21.63867576364571,5.815852873680767e-17,0.11778021565264707,25.676087012277062,0.9999999999999998,0.9999999999999997,119,1,33,33,0.11778021565264707,25.676087012277062,0.21435528353902658,5.697390607863582e-10,0.00124272561739192,0.09925998056718223,5.815852873680767e-17,0.9999999999999579,1.1865831020683089,1.0,44,44,0.11778021565264707,25.676087012277062,0.21435528353902658,1.30100744871956e-12,8.416799932665601e-05,0.09925998056718223,5.815852873680767e-17,1.0,1.1865831020683089,1.0,0.04907269999966957
219,120,215,94.14476857572141,-0.014944978645448618,0.09237232613029175,0.09357349529345313,20.492595469266234,5.869931039739981e-17,0.11104143082409253,24.318073350476265,0.9999999999999998,1.0000000000000004,120,1,33,33,0.11104143082409253,24.318073350476265,0.20314629592830513,4.842415266214079e-10,0.001234223522190842,0.0935734952934532,5.869931039739981e-17,0.9999999999999526,1.18667610391018,1.0,44,44,0.11104143082409253,24.318073350476265,0.20314629592830513,1.054976095916677e-12,8.340109672442193e-05,0.0935734952934532,5.869931039739981e-17,1.0,1.18667610391018,1.0,0.060084200027631596
220,120,216,94.33452415908442,-0.01329525623587127,0.09949045636961948,0.10037487109337989,22.082471640543577,8.626652697155371e-17,0.11909170063215835,26.200174139074836,0.9999999999999998,1.0000000000000004,120,1,33,33,0.11909170063215835,26.200174139074836,0.21653738983661433,5.656640128415899e-10,0.0012258179317513492,0.10037487109337999,8.626652697155371e-17,0.9999999999999573,1.1864692759741229,1.0,44,44,0.11909170063215835,26.200174139074836,0.21653738983661433,1.2656788168864072e-12,8.264462809917356e-05,0.10037487109337999,8.626652697155371e-17,0.9999999999999999,1.1864692759741229,1.0,0.04466849999153055
221,121,217,94.97354940398044,-0.014441359189826222,0.09361844903087944,0.09472574546656759,20.93438974811144,7.410741937918043e-17,0.11239808489364222,24.83997676149493,0.9999999999999998,1.0000000000000002,121,1,33,33,0.11239808489364222,24.83997676149493,0.20542464757830073,4.818767704386443e-10,0.0012175073194503393,0.09472574546656766,7.410741937918043e-17,0.999999999999952,1.1865632129895656,1.0,44,44,0.11239808489364222,24.83997676149493,0.20542464757830073,1.0294150292032563e-12,8.189840502856208e-05,0.09472574546656766,7.410741937918043e-17,1.0,1.1865632129895656,1.0,0.04940829999395646
222,121,218,95.16318323635141,-0.012785202075465133,0.1006638396554266,0.1014725086231927,22.52689691434878,7.351626287044711e-17,0.12038266458184933,26.72495153717055,0.9999999999999998,1.0000000000000002,121,1,33,33,0.12038266458184933,26.72495153717055,0.21868169745434862,5.616684771436062e-10,0.0012092901895748185,0.10147250862319276,7.351626287044711e-17,0.9999999999999567,1.186357430354634,1.0,44,44,0.12038266458184933,26.72495153717055,0.21868169745434862,1.2319771301668394e-12,8.116224332440549e-05,0.10147250862319276,7.351626287044711e-17,1.0,1.186357430354634,1.0,0.04018660000292584
223,122,219,95.80232299384049,-0.013941649110027514,0.0948413982143105,0.09586063005818682,21.37692050297566,2.5018537765542006e-17,0.11373406084641058,25.362695568749558,0.9999999999999998,0.9999999999999994,122,1,33,33,0.11373406084641058,25.362695568749558,0.2076642929903613,4.795361879311439e-10,0.0012011650765604038,0.09586063005818682,2.5018537765542006e-17,0.9999999999999516,1.1864522565455151,1.0,44,44,0.11373406084641058,25.362695568749558,0.2076642929903613,1.0049339367114318e-12,8.043596291902109e-05,0.09586063005818682,2.5018537765542006e-17,1.0,1.1864522565455151,1.0,0.04685569999855943
224,123,220,96.44100821321898,-0.015007267056778222,0.08908224145776523,0.0903374994542856,20.235599877759974,7.044344449510712e-17,0.10718896879056455,24.010329009086462,0.9999999999999998,1.0,123,1,33,33,0.10718896879056455,24.010329009086462,0.19671080228782933,4.0889159875019685e-10,0.0011931305442518946,0.09033749945428565,7.044344449510712e-17,0.999999999999946,1.1865390279571162,1.0,44,44,0.10718896879056455,24.010329009086462,0.19671080228782933,8.192499387335103e-13,7.971938775510203e-05,0.09033749945428565,7.044344449510712e-17,0.9999999999999999,1.1865390279571162,1.0,0.03956309999921359
225,123,221,96.63108966967557,-0.0134460813528045,0.09604174998283184,0.0969784246289401,21.820145541511522,6.206335383118183e-17,0.11504969313199562,25.886180954699014,0.9999999999999998,1.0,123,1,33,33,0.11504969313199562,25.886180954699014,0.2098659793440429,4.772203048410285e-10,0.0011851851851851852,0.09697842462894016,6.206335383118183e-17,0.999999999999951,1.1863431848083736,1.0,44,44,0.11504969313199562,25.886180954699014,0.2098659793440429,9.814726075604532e-13,7.901234567901235e-05,0.09697842462894016,6.206335383118183e-17,0.9999999999999999,1.1863431848083736,1.0,0.04608709999592975
226,124,222,97.2698901373077,-0.014523775442549982,0.09032979805331913,0.09148995829848779,20.67673057545824,6.13071990641655e-17,0.10854651450640655,24.53151227844788,0.9999999999999998,1.0000000000000004,124,1,33,33,0.10854651450640655,24.53151227844788,0.19900339790250446,4.0781981565512725e-10,0.0011773276198898041,0.09148995829848784,6.13071990641655e-17,0.9999999999999455,1.1864309102893174,1.0,44,44,0.10854651450640655,24.53151227844788,0.19900339790250446,8.024301328394e-13,7.831466833737959e-05,0.09148995829848784,6.13071990641655e-17,0.9999999999999999,1.1864309102893174,1.0,0.040581999986898154
227,124,223,97.45984974251058,-0.012954852270354358,0.09722006958266566,0.09807940725251686,22.264025446321327,3.576224061345498e-17,0.11634531880797283,26.410387369409833,0.9999999999999998,1.0000000000000004,124,1,33,33,0.11634531880797283,26.410387369409833,0.2120304510209201,4.749295659719002e-10,0.0011695564962114044,0.09807940725251689,3.576224061345498e-17,0.9999999999999507,1.1862359496976593,1.0,44,44,0.11634531880797283,26.410387369409833,0.2120304510209201,9.589749435208541e-13,7.762619107686934e-05,0.09807940725251689,3.576224061345498e-17,0.9999999999999999,1.1862359496976593,1.0,0.039870599983260036
228,125,224,98.09876365225337,-0.014043518759021267,0.09155475553505979,0.09262555630180876,21.118626836812396,3.576224061345498e-17,0.10988397464432131,25.05354621890526,0.9999999999999998,1.0000000000000002,125,1,33,33,0.10988397464432131,25.05354621890526,0.20125803046793875,4.067378268690292e-10,0.0011618704886535473,0.09262555630180878,3.576224061345498e-17,0.9999999999999449,1.18632458504517,1.0,44,44,0.10988397464432131,25.05354621890526,0.20125803046793875,7.862343297955414e-13,7.694675284702985e-05,0.09262555630180878,3.576224061345498e-17,1.0,1.18632458504517,1.0,0.04473220001091249
229,125,225,98.28860351064081,-0.012468128286702582,0.09837690795929607,0.099163855525113,22.708522915250878,3.925231146709438e-17,0.11762127400676252,26.935271747548615,0.9999999999999998,1.0000000000000004,125,1,33,33,0.11762127400676252,26.935271747548615,0.21415844354390026,4.726643298328174e-10,0.0011542682977381481,0.09916385552511303,3.925231146709438e-17,0.99999999999995,1.186130504748025,1.0,44,44,0.11762127400676252,26.935271747548615,0.21415844354390026,9.373886034293025e-13,7.627619610610019e-05,0.09916385552511303,3.925231146709438e-17,1.0,1.186130504748025,1.0,0.03836179999052547
230,126,226,98.92762909826422,-0.013566753497661599,0.09275765411112158,0.09374454222334644,21.56124471136968,5.928593550334434e-17,0.11120165158266779,25.576379864013592,0.9999999999999998,1.0000000000000002,126,1,33,33,0.11120165158266779,25.576379864013592,0.203475394187748,4.0564725830925734e-10,0.0011467486493839773,0.0937445422233465,5.928593550334434e-17,0.9999999999999443,1.1862200075363296,1.0,44,44,0.11120165158266779,25.576379864013592,0.203475394187748,7.7063199729278e-13,7.561436672967863e-05,0.0937445422233465,5.928593550334434e-17,0.9999999999999999,1.1862200075363296,1.0,0.04531330001191236
231,127,227,99.56621575537588,-0.014580994682564831,0.08719793002486595,0.08840862178856994,20.422391633159656,3.6880726988814706e-17,0.10487932756376822,24.22712466723046,0.9999999999999998,1.0000000000000004,127,1,33,33,0.10487932756376822,24.22712466723046,0.19285321604674607,3.4767235077235976e-10,0.0011393102943026304,0.08840862178856997,3.6880726988814706e-17,0.999999999999938,1.1863020307520247,1.0,44,44,0.10487932756376822,24.22712466723046,0.19285321604674607,6.330966851291862e-13,7.496111392215288e-05,0.08840862178856997,3.6880726988814706e-17,0.9999999999999998,1.1863020307520247,1.0,0.039407100004609674
232,127,228,99.75648680212745,-0.01309370106687215,0.09393902704311681,0.09484717080354078,22.004543626421462,4.5102810375396984e-17,0.11249985446176872,26.099966235130342,0.9999999999999998,1.0000000000000004,127,1,33,33,0.11249985446176872,26.099966235130342,0.20565618822656304,4.0454962930190074e-10,0.0011319520074114014,0.09484717080354083,4.5102810375396984e-17,0.9999999999999438,1.1861171346353847,1.0,44,44,0.11249985446176872,26.099966235130342,0.20565618822656304,7.555944498431528e-13,7.431629013079666e-05,0.09484717080354083,4.5102810375396984e-17,1.0,1.1861171346353847,1.0,0.0452182000153698
233,128,229,100.39518579693423,-0.014119462047531011,0.08842322866065504,0.08954343401548857,20.863620125608836,7.539564046734035e-17,0.10621642874038514,24.74842789650974,0.9999999999999998,0.9999999999999984,128,1,33,33,0.10621642874038514,24.74842789650974,0.19511930016131665,3.4745990046039495e-10,0.001124672587262521,0.08954343401548864,7.539564046734035e-17,0.9999999999999376,1.1862000816499019,1.0,44,44,0.10621642874038514,24.74842789650974,0.19511930016131665,6.224166139799239e-13,7.367975096244175e-05,0.08954343401548864,7.539564046734035e-17,1.0,1.1862000816499019,1.0,0.0396296999824699
234,128,230,100.58533707781407,-0.012624550568259292,0.09509939508957341,0.0959336970175408,22.44848510210455,7.539564046734035e-17,0.11377889236770139,26.624260814042124,0.9999999999999998,0.9999999999999986,128,1,33,33,0.11377889236770139,26.624260814042124,0.20780110458735218,4.0344633635973303e-10,0.0011174708554882282,0.09593369701754086,7.539564046734035e-17,0.9999999999999434,1.186015924591103,1.0,44,44,0.11377889236770139,26.624260814042124,0.20780110458735218,7.410946733759545e-13,7.305135510263716e-05,0.09593369701754086,7.539564046734035e-17,1.0,1.186015924591103,1.0,0.04458489999524318
235,129,231,101.22414670567392,-0.01366081435355323,0.08962701963234834,0.09066212272487116,21.30559884034472,6.13071990641655e-17,0.10753432152494143,25.270565558361234,0.9999999999999998,0.9999999999999989,129,1,33,33,0.10753432152494143,25.270565558361234,0.1973488603301082,3.472202344438617e-10,0.0011103456562611782,0.09066212272487123,6.13071990641655e-17,0.999999999999937,1.1860997547043066,1.0,44,44,0.10753432152494143,25.270565558361234,0.1973488603301082,6.12074018390441e-13,7.243096423721141e-05,0.09066212272487123,6.13071990641655e-17,0.9999999999999999,1.1860997547043066,1.0,0.04013350000604987
236,130,232,101.86252973920077,-0.014616082724786946,0.08421223588522624,0.08547122642741709,20.17120943687043,4.579801393138379e-17,0.10138396306132468,23.926615282472625,0.9999999999999998,1.0000000000000002,130,1,33,33,0.10138396306132468,23.926615282472625,0.18695787156018012,2.9840593428866385e-10,0.0011032958557696938,0.08547122642741713,4.579801393138379e-17,0.9999999999999303,1.1861765333087952,1.0,44,44,0.10138396306132468,23.926615282472625,0.18695787156018012,5.050895734683019e-13,7.181844297615628e-05,0.08547122642741713,4.579801393138379e-17,1.0,1.1861765333087952,1.0,0.04622799999197014
237,130,233,102.05309882162496,-0.013205296484189109,0.0908098023441855,0.09176491735421209,21.748285412948267,5.991705756259507e-17,0.10883328477078992,25.793488490677213,0.9999999999999998,1.0000000000000002,130,1,33,33,0.10883328477078992,25.793488490677213,0.1995425448006026,3.4695526677500496e-10,0.001096320341707394,0.09176491735421215,5.991705756259507e-17,0.9999999999999366,1.186001011156519,1.0,44,44,0.10883328477078992,25.793488490677213,0.1995425448006026,6.02055065328279e-13,7.121365877975396e-05,0.09176491735421215,5.991705756259507e-17,1.0,1.186001011156519,1.0,0.039511999988462776
238,131,234,102.69159306288483,-0.014172567837878148,0.08543642556923559,0.0866039519488966,20.61174056383739,5.76648802964689e-17,0.10271910464384493,24.447146905235094,0.9999999999999998,0.9999999999999998,131,1,33,33,0.10271910464384493,24.447146905235094,0.1892322549793768,2.9878957014145823e-10,0.0010894180227767468,0.08660395194889665,5.76648802964689e-17,0.9999999999999297,1.1860787219555244,1.0,44,44,0.10271910464384493,24.447146905235094,0.1892322549793768,4.981142788092184e-13,7.06164818868724e-05,0.08660395194889665,5.76648802964689e-17,0.9999999999999999,1.1860787219555244,1.0,0.044171899993671104
239,131,235,102.88204247198757,-0.012753118553192474,0.09197206778095432,0.09285205051444065,22.191640072951316,6.13071990641655e-17,0.11011360079208117,26.3171505893074,0.9999999999999998,0.9999999999999999,131,1,33,33,0.11011360079208117,26.3171505893074,0.2017010012494737,3.4666679730698403e-10,0.0010825878282061103,0.0928520505144407,6.13071990641655e-17,0.9999999999999359,1.1859038134538122,1.0,44,44,0.11011360079208117,26.3171505893074,0.2017010012494737,5.923465920756449e-13,7.002678524535635e-05,0.0928520505144407,6.13071990641655e-17,0.9999999999999999,1.1859038134538122,1.0,0.043260800011921674
240,132,236,103.52064627351551,-0.013731372124197257,0.08663966255986696,0.08772104484615306,21.053050763076733,8.72377931052115e-17,0.1040356168252185,24.96854803805244,0.9999999999999998,1.0000000000000009,132,1,33,33,0.1040356168252185,24.96854803805244,0.19147089433298836,2.9913646689740926e-10,0.001075828707279838,0.08772104484615313,8.72377931052115e-17,0.9999999999999293,1.185982417419654,1.0,44,44,0.1040356168252185,24.96854803805244,0.19147089433298836,4.913225112284513e-13,6.944444444444444e-05,0.08772104484615313,8.72377931052115e-17,0.9999999999999998,1.185982417419654,1.0,0.04236009999294765
241,132,237,103.71097797168552,-0.012304462421030624,0.09311429617845482,0.0939237560379671,22.63562520515007,7.410741937918043e-17,0.11137555306126941,26.841508287765926,0.9999999999999998,1.0000000000000009,132,1,34,34,0.11137555306126941,26.841508287765926,0.20382487287580486,1.567686189910292e-10,0.001069139628881047,0.09392375603796717,7.410741937918043e-17,0.9999999999999797,1.1858081252228425,1.0,45,45,0.11137555306126941,26.841508287765926,0.20382487287580486,3.581125853830284e-13,6.886933764914516e-05,0.09392375603796717,7.410741937918043e-17,1.0,1.1858081252228425,1.0,0.04837619999307208
242,133,238,104.34968972215292,-0.013292759380816702,0.08782241369867809,0.08882270993286599,21.49509580375357,8.582937747229195e-17,0.10533374895617496,25.49076724739434,0.9999999999999998,1.000000000000001,133,1,34,34,0.10533374895617496,25.49076724739434,0.19367438712702376,1.350065467961262e-10,0.001062519581046653,0.08882270993286608,8.582937747229195e-17,0.9999999999999775,1.1858875847830848,1.0,45,45,0.10533374895617496,25.49076724739434,0.19367438712702376,2.93825391296698e-13,6.830134553650706e-05,0.08882270993286608,8.582937747229195e-17,0.9999999999999999,1.1858875847830848,1.0,0.04779109999071807
243,134,239,104.98798867046298,-0.014205545543340387,0.0825848296346211,0.0837976826049701,20.362836873007733,8.582937747229195e-17,0.09938073878282327,24.149519524226054,0.9999999999999998,1.0000000000000007,134,1,34,34,0.09938073878282327,24.149519524226054,0.18358222493071072,1.1610278822503744e-10,0.001055967570534295,0.0837976826049702,8.582937747229195e-17,0.9999999999999749,1.1859604668462387,1.0,45,45,0.09938073878282327,24.149519524226054,0.18358222493071072,2.408767343231436e-13,6.774035123372114e-05,0.0837976826049702,8.582937747229195e-17,1.0,1.1859604668462387,1.0,0.060368900012690574
244,134,240,105.17872374707052,-0.012856959471743638,0.08898514169605501,0.0899091588745276,21.937834765384736,8.626652697155371e-17,0.10661375824437928,26.013757011628545,0.9999999999999998,1.0000000000000009,134,1,34,34,0.10661375824437928,26.013757011628545,0.1958433385849275,1.349611301098594e-10,0.0010494826224007867,0.08990915887452769,8.626652697155371e-17,0.9999999999999772,1.185794190257788,1.0,45,45,0.10661375824437928,26.013757011628545,0.1958433385849275,2.8770368703601775e-13,6.718624025799516e-05,0.08990915887452769,8.626652697155371e-17,0.9999999999999999,1.185794190257788,1.0,0.055122199992183596
245,135,241,105.81713116204229,-0.013781148738685831,0.08378624825825853,0.08491204542202663,20.803451128396524,6.059128614320848e-17,0.10069447500480193,24.670146376176472,0.9999999999999998,0.9999999999999997,135,1,34,34,0.10069447500480193,24.670146376176472,0.18582714692585844,1.1629563364397009e-10,0.0010430637795917387,0.08491204542202668,6.059128614320848e-17,0.9999999999999746,1.1858679708436426,1.0,45,45,0.10069447500480193,24.670146376176472,0.18582714692585844,2.3648463772029017e-13,6.663890045814244e-05,0.08491204542202668,6.059128614320848e-17,0.9999999999999999,1.1858679708436426,1.0,0.05495419999351725
246,135,242,106.00774867429438,-0.012424172131653125,0.09012829998887864,0.09098060514220736,22.38122886498301,8.471775674780676e-17,0.10787590377125256,26.53747232772813,0.9999999999999998,0.9999999999999996,135,1,34,34,0.10787590377125256,26.53747232772813,0.1979783509335396,1.349048158412895e-10,0.0010367101025420134,0.09098060514220745,8.471775674780676e-17,0.9999999999999771,1.1857022010640288,1.0,45,45,0.10787590377125256,26.53747232772813,0.1979783509335396,2.818034658535814e-13,6.609822195782933e-05,0.09098060514220745,8.471775674780676e-17,0.9999999999999999,1.1857022010640288,1.0,0.05815110000548884
247,136,243,106.64626299740821,-0.013358822476044674,0.08496770866220572,0.08601145071007665,21.244828325388934,7.410741937918043e-17,0.1019903865859098,25.19162548671972,0.9999999999999998,1.0000000000000002,136,1,34,34,0.1019903865859098,25.19162548671972,0.188037687214478,1.164730996898605e-10,0.0010304206687866847,0.08601145071007672,7.410741937918043e-17,0.9999999999999747,1.1857768441750178,1.0,45,45,0.1019903865859098,25.19162548671972,0.188037687214478,2.3223368247373517e-13,6.556409710042781e-05,0.08601145071007672,7.410741937918043e-17,1.0,1.1857768441750178,1.0,0.05348259999300353
248,137,244,107.28437547532829,-0.014220757621770748,0.07985972560363952,0.08111600163238908,20.11676840483249,7.410741937918043e-17,0.09619102650566624,23.85537457340523,0.9999999999999998,0.9999999999999999,137,1,34,34,0.09619102650566624,23.85537457340523,0.17815563677986795,1.0040991371575072e-10,0.0010241945725821815,0.08111600163238915,7.410741937918043e-17,0.9999999999999719,1.185845265667752,1.0,45,45,0.09619102650566624,23.85537457340523,0.17815563677986795,1.9119896102864326e-13,6.503642039542144e-05,0.08111600163238915,7.410741937918043e-17,0.9999999999999999,1.185845265667752,1.0,0.05670809998991899
249,137,245,107.47538452401047,-0.012938816289467943,0.08612964438383233,0.08709608836599966,21.686926003133916,7.83703449225051e-17,0.10326870464016372,25.713907455400765,0.9999999999999998,1.0,137,1,34,34,0.10326870464016372,25.713907455400765,0.190214405695582,1.166359692910171e-10,0.001018030924537314,0.08709608836599973,7.83703449225051e-17,0.9999999999999744,1.1856870564175357,1.0,45,45,0.10326870464016372,25.713907455400765,0.190214405695582,2.281180874042912e-13,6.451508846631506e-05,0.08709608836599973,7.83703449225051e-17,0.9999999999999998,1.1856870564175357,1.0,0.0513638999836985
250,138,246,108.11360436020416,-0.013812529897390763,0.08105822683565395,0.08222665091019239,20.556662727548098,6.546139416680338e-17,0.09750077575731433,24.375193939328582,0.9999999999999998,0.9999999999999997,138,1,34,34,0.09750077575731433,24.375193939328582,0.18040434665763092,1.0074710241184314e-10,0.0010119288512538814,0.08222665091019246,6.546139416680338e-17,0.9999999999999717,1.1857563779875246,1.0,45,45,0.09750077575731433,24.375193939328582,0.18040434665763092,1.8829315569268234e-13,6.4e-05,0.08222665091019246,6.546139416680338e-17,1.0,1.1857563779875246,1.0,0.057644000014988706
251,138,247,108.3044960771263,-0.012521347024037604,0.0872724825940214,0.08816615194858027,22.129704139093647,6.546139416680338e-17,0.10452966437941072,26.23694575923209,0.9999999999999998,0.9999999999999998,138,1,34,34,0.10452966437941072,26.23694575923209,0.19235786356123283,1.1678498596279337e-10,0.0010058874949765788,0.08816615194858032,6.546139416680338e-17,0.999999999999974,1.1855985780163558,1.0,45,45,0.10452966437941072,26.23694575923209,0.19235786356123283,2.241323440735723e-13,6.349105569752861e-05,0.08816615194858032,6.546139416680338e-17,1.0,1.1855985780163558,1.0,0.049062500009313226
252,139,248,108.94282176374357,-0.013405893988828054,0.08223729636348057,0.08332281144329343,20.997348483709942,6.455875440461582e-17,0.09879325495618069,24.895900248957535,0.9999999999999998,1.0000000000000013,139,1,34,34,0.09879325495618069,24.895900248957535,0.18261946175396498,1.0106787988789227e-10,0.000999906013251924,0.08332281144329348,6.455875440461582e-17,0.9999999999999715,1.1856687651906213,1.0,45,45,0.09879325495618069,24.895900248957535,0.18261946175396498,1.8546600788872702e-13,6.298815822625347e-05,0.08332281144329348,6.455875440461582e-17,1.0,1.1856687651906213,1.0,0.05711840000003576
253,139,249,109.13359798035779,-0.012106605053417329,0.08839664262182895,0.08922183764488813,22.573124924156698,5.1019748043878786e-17,0.10577350389842195,26.760696486300755,0.9999999999999998,1.0000000000000013,139,1,34,34,0.10577350389842195,26.760696486300755,0.19446862131215645,1.1692085522916538e-10,0.000993983578595939,0.08922183764488817,5.1019748043878786e-17,0.999999999999974,1.185511380290228,1.0,45,45,0.10577350389842195,26.760696486300755,0.19446862131215645,2.2027120210307858e-13,6.249121217328813e-05,0.08922183764488817,5.1019748043878786e-17,0.9999999999999999,1.185511380290228,1.0,0.05770420000771992
254,140,250,109.77202804089961,-0.013001115334005268,0.08339733850663278,0.08440465076000257,21.438781293040652,4.819909745438293e-17,0.10006866840202559,25.4174417741145,0.9999999999999998,1.0000000000000009,140,1,34,34,0.10006866840202559,25.4174417741145,0.18480149435577425,1.0137295623357692e-10,0.0009881193781703284,0.08440465076000261,4.819909745438293e-17,0.9999999999999714,1.1855823997964559,1.0,45,45,0.10006866840202559,25.4174417741145,0.18480149435577425,1.8271496786863303e-13,6.2000124000248e-05,0.08440465076000261,4.819909745438293e-17,1.0,1.1855823997964559,1.0,0.05342529999325052
255,141,251,110.41006852907626,-0.013827625231202244,0.0784477409325945,0.07965708554147612,20.31255681307641,5.003707553108401e-17,0.09444523170438839,24.08353408461904,0.9999999999999998,0.9999999999999996,141,1,34,34,0.09444523170438839,24.08353408461904,0.17519017994919237,8.775998074149856e-11,0.0009823126134669011,0.07965708554147616,5.003707553108401e-17,0.9999999999999686,1.185647592582487,1.0,45,45,0.09444523170438839,24.08353408461904,0.17519017994919237,1.5140654484475792e-13,6.151480199923107e-05,0.07965708554147616,5.003707553108401e-17,1.0,1.185647592582487,1.0,0.06360920000588521
256,141,252,110.60122353456774,-0.012598426734168984,0.08453875535973847,0.08547234356182082,21.88091995182613,4.9096045625102536e-17,0.10132722868302282,25.939770542853843,0.9999999999999998,0.9999999999999998,141,1,34,34,0.10132722868302282,25.939770542853843,0.1869509660099943,1.0166301373378218e-10,0.0009765625,0.08547234356182086,4.9096045625102536e-17,0.9999999999999712,1.185497255141184,1.0,45,45,0.10132722868302282,25.939770542853843,0.1869509660099943,1.8003757177187141e-13,6.103515625e-05,0.08547234356182086,4.9096045625102536e-17,1.0,1.185497255141184,1.0,0.06356889999005944
257,142,253,111.23936880370985,-0.013436100285060766,0.0796234539308987,0.08074913749852786,20.75252833712166,4.1777673608052095e-17,0.0957332149989369,24.603436254726784,0.9999999999999998,0.9999999999999999,142,1,34,34,0.0957332149989369,24.603436254726784,0.17740764099764889,8.817554331796953e-11,0.0009708682670067009,0.08074913749852788,4.1777673608052095e-17,0.9999999999999684,1.1855633133008043,1.0,45,45,0.0957332149989369,24.603436254726784,0.17740764099764889,1.4954988495239344e-13,6.056109857832821e-05,0.08074913749852788,4.1777673608052095e-17,0.9999999999999999,1.1855633133008043,1.0,0.07497590000275522
258,142,254,111.43040857606522,-0.012198032830749909,0.08566194236341237,0.08652606760053665,22.323725440938453,9.020562075079397e-17,0.10256915178940305,26.462841161665988,0.9999999999999998,1.0,142,1,34,34,0.10256915178940305,26.462841161665988,0.18906839873065723,1.0193870357924004e-10,0.0009652291571545586,0.08652606760053673,9.020562075079397e-17,0.9999999999999709,1.1854133053050813,1.0,45,45,0.10256915178940305,26.462841161665988,0.18906839873065723,1.7743143180630246e-13,6.009254251547383e-05,0.08652606760053673,9.020562075079397e-17,1.0,1.1854133053050813,1.0,0.06859260000055656
259,143,255,112.068657196585,-0.013045996359929026,0.08078063688235364,0.08182731399808962,21.19327432550521,4.9096045625102536e-17,0.09700466031596068,25.124207021833815,0.9999999999999998,1.0,143,1,34,34,0.09700466031596068,25.124207021833815,0.17959278026516204,8.857542268088523e-11,0.0009596444262566796,0.08182731399808967,4.9096045625102536e-17,0.9999999999999681,1.1854801969697477,1.0,45,45,0.09700466031596068,25.124207021833815,0.17959278026516204,1.4773331212530502e-13,5.9629403258746885e-05,0.08182731399808967,4.9096045625102536e-17,1.0,1.1854801969697477,1.0,0.08359689998906106
260,144,256,112.70652603963411,-0.013828283114157566,0.07594755887594229,0.07719619882546042,20.07101169461971,6.285829819150323e-17,0.09151930204292988,23.79501853116177,0.9999999999999998,0.9999999999999998,144,1,34,34,0.09151930204292988,23.79501853116177,0.17017320168010971,7.684156585248599e-11,0.0009541133429939112,0.07719619882546047,6.285829819150323e-17,0.9999999999999651,1.1855415607943833,1.0,45,45,0.09151930204292988,23.79501853116177,0.17017320168010971,1.2286631617237844e-13,5.9171597633136094e-05,0.07719619882546047,6.285829819150323e-17,0.9999999999999999,1.1855415607943833,1.0,0.07742919999873266
261,144,257,112.89793405677392,-0.012657562751212319,0.0819196669167504,0.08289177113895087,21.634752267266176,6.206335383118183e-17,0.09825975792277476,25.645796817844214,0.9999999999999998,0.9999999999999999,144,1,34,34,0.09825975792277476,25.645796817844214,0.1817460793967851,8.896021663017534e-11,0.0009486351886439431,0.08289177113895092,6.206335383118183e-17,0.999999999999968,1.1853982195417523,1.0,45,45,0.09825975792277476,25.645796817844214,0.1817460793967851,1.459559894526425e-13,5.87190440539628e-05,0.08289177113895092,6.206335383118183e-17,0.9999999999999998,1.1853982195417523,1.0,0.0711340999987442
262,145,258,113.53590660399256,-0.013451310384728951,0.07711907646980375,0.07828339355586059,20.510249111635474,4.443059973708341e-17,0.09280186662860783,24.314089056695252,0.9999999999999998,1.0000000000000013,145,1,34,34,0.09280186662860783,24.314089056695252,0.17239101752780978,7.73172029623637e-11,0.0009432092568171229,0.07828339355586061,4.443059973708341e-17,0.9999999999999651,1.1854604458656652,1.0,45,45,0.09280186662860783,24.314089056695252,0.17239101752780978,1.2167451636348887e-13,5.8271662490530857e-05,0.07828339355586061,4.443059973708341e-17,1.0,1.1854604458656652,1.0,0.08270400000037625
263,145,259,113.72719972189803,-0.012271018249214258,0.08304091639259874,0.08394266903187629,22.076921955383465,6.369057972232327e-17,0.09949870264659615,26.168158796054787,0.9999999999999998,1.0000000000000013,145,1,34,34,0.09949870264659615,26.168158796054787,0.1838680228614089,8.933049927270854e-11,0.0009378348531987945,0.08394266903187635,6.369057972232327e-17,0.9999999999999679,1.1853173575981082,1.0,45,45,0.09949870264659615,26.168158796054787,0.1838680228614089,1.442170741861941e-13,5.782937443074209e-05,0.08394266903187635,6.369057972232327e-17,1.0,1.1853173575981082,1.0,0.0698563999903854
264,146,260,114.36527458872084,-0.013075350127525984,0.07827255789088446,0.07935715531531641,20.950289003243533,5.76648802964689e-17,0.09406841777409627,24.834062292361416,0.9999999999999998,0.9999999999999999,146,1,34,34,0.09406841777409627,24.834062292361416,0.17457728650712678,7.777783076777948e-11,0.0009325112952979752,0.07935715531531647,5.76648802964689e-17,0.9999999999999649,1.185380415922501,1.0,45,45,0.09406841777409627,24.834062292361416,0.17457728650712678,1.2050108813860293e-13,5.73921028466483e-05,0.07935715531531647,5.76648802964689e-17,1.0,1.185380415922501,1.0,0.06900489999679849
265,147,261,115.00297900569878,-0.013816142106406205,0.07355102832059873,0.07483742078480476,19.83191650797326,5.869931039739981e-17,0.08871513916638166,23.50951187909114,0.9999999999999998,1.0000000000000002,147,1,34,34,0.08871513916638166,23.50951187909114,0.16534279747469277,6.760616574881241e-11,0.0009272379122021904,0.07483742078480482,5.869931039739981e-17,0.9999999999999616,1.1854382237661867,1.0,45,45,0.08871513916638166,23.50951187909114,0.16534279747469277,1.0056021076266791e-13,5.695977216091136e-05,0.07483742078480482,5.869931039739981e-17,1.0,1.1854382237661867,1.0,0.07253790000686422
266,147,262,115.19463034779523,-0.012700665502019157,0.07940835430863047,0.0804176201973123,21.391086972485073,5.310067616522823e-17,0.09531912176122945,25.35488638848703,0.9999999999999998,1.0000000000000002,147,1,34,34,0.09531912176122945,25.35488638848703,0.1767324465529906,7.822395469780232e-11,0.0009220140443382944,0.08041762019731234,5.310067616522823e-17,0.9999999999999648,1.1853014492017409,1.0,45,45,0.09531912176122945,25.35488638848703,0.1767324465529906,1.1934602575377211e-13,5.6532308214144386e-05,0.08041762019731234,5.310067616522823e-17,0.9999999999999999,1.1853014492017409,1.0,0.07432809998863377
267,148,263,115.83243738854645,-0.013453187627214052,0.0747176153119785,0.07591910362512079,20.27040066790725,5.419449386414209e-17,0.08999147735871864,24.027724454777875,0.9999999999999998,0.9999999999999998,148,1,34,34,0.08999147735871864,24.027724454777875,0.1675591738893602,6.811705360704438e-11,0.000916839043239108,0.07591910362512085,5.419449386414209e-17,0.9999999999999617,1.185360114406586,1.0,45,45,0.08999147735871864,24.027724454777875,0.1675591738893602,9.982525976608488e-14,5.610963823310749e-05,0.07591910362512085,5.419449386414209e-17,1.0,1.185360114406586,1.0,0.07435360000818036
268,148,264,116.02397422389366,-0.012327488510987,0.08052681588634987,0.08146493141089978,21.83260161812114,5.003707553108401e-17,0.09655415313232135,25.87651303946212,0.9999999999999998,0.9999999999999999,148,1,34,34,0.09655415313232135,25.87651303946212,0.17885694551932133,7.865606534149792e-11,0.0009117122713157106,0.08146493141089983,5.003707553108401e-17,0.9999999999999647,1.1852235245287726,1.0,45,45,0.09655415313232135,25.87651303946212,0.17885694551932133,1.1820928900165406e-13,5.569169079973268e-05,0.08146493141089983,5.003707553108401e-17,1.0,1.1852235245287726,1.0,0.06818470000871457
269,149,265,116.66188254705335,-0.013090859531157798,0.07586665389326404,0.07698778978659421,20.70971545259384,3.925231146709438e-17,0.09125231981986752,24.546874031544363,0.9999999999999998,1.0000000000000004,149,1,34,34,0.09125231981986752,24.546874031544363,0.16974478467774515,6.86139634140734e-11,0.0009066331016352303,0.07698778978659425,3.925231146709438e-17,0.9999999999999614,1.1852830179021085,1.0,45,45,0.09125231981986752,24.546874031544363,0.16974478467774515,9.909580675708723e-14,5.527839582095327e-05,0.07698778978659425,3.925231146709438e-17,0.9999999999999999,1.1852830179021085,1.0,0.07271390000823885
270,149,266,116.85330654882621,-0.011956024821694574,0.0816282881601039,0.08249923610243876,22.274793747658464,5.204170427930421e-17,0.09777369092503407,26.3988965497592,0.9999999999999998,1.0000000000000002,149,1,34,34,0.09777369092503407,26.3988965497592,0.18095123438165261,7.907463616777722e-11,0.0009016009177039772,0.0824992361024388,5.204170427930421e-17,0.9999999999999645,1.1851466212805792,1.0,45,45,0.09777369092503407,26.3988965497592,0.18095123438165261,1.1709080323231186e-13,5.486968449931413e-05,0.0824992361024388,5.204170427930421e-17,1.0,1.1851466212805792,1.0,0.0718306000053417
271,150,267,117.49131483897548,-0.012729433044643995,0.0769984717678252,0.07804359756071377,21.149814938953433,4.718958039861916e-17,0.09249781146580836,25.066906907234067,0.9999999999999998,1.000000000000001,150,1,34,34,0.09249781146580836,25.066906907234067,0.1719000282520795,6.909731350681637e-11,0.0008966151132557741,0.07804359756071381,4.718958039861916e-17,0.9999999999999613,1.1852069145563155,1.0,45,45,0.09249781146580836,25.066906907234067,0.1719000282520795,9.837224115374073e-14,5.446548930433954e-05,0.07804359756071381,4.718958039861916e-17,0.9999999999999999,1.1852069145563155,1.0,0.06939839999540709
272,151,268,118.12896314760553,-0.013443198907577678,0.0724130152396301,0.07365028426940115,20.032877321277113,3.1031676915590914e-17,0.08729490278945058,23.744213558730557,0.9999999999999998,1.0000000000000013,151,1,34,34,0.08729490278945058,23.744213558730557,0.16290238705308815,6.027784918466634e-11,0.0008916750920453418,0.07365028426940118,3.1031676915590914e-17,0.9999999999999578,1.1852622655214684,1.0,45,45,0.08729490278945058,23.744213558730557,0.16290238705308815,8.254054893824898e-14,5.406574394463668e-05,0.07365028426940118,3.1031676915590914e-17,1.0,1.1852622655214684,1.0,0.07502389998990111
273,151,269,118.32073461094616,-0.012369153928858751,0.07811339772234885,0.07908665420060237,21.590656596764447,3.7367087251761353e-17,0.0937281076815838,25.587773397072375,0.9999999999999998,1.000000000000001,151,1,34,34,0.0937281076815838,25.587773397072375,0.1740253173150828,6.956751348030298e-11,0.0008867802676465969,0.07908665420060239,3.7367087251761353e-17,0.999999999999961,1.1851317852420908,1.0,46,46,0.0937281076815838,25.587773397072375,0.1740253173150828,9.475723006911035e-14,5.367038334071301e-05,0.07908665420060239,3.7367087251761353e-17,1.0,1.1851317852420908,1.0,0.0704117999994196
274,152,270,118.95848316260357,-0.013094008630013759,0.07355696657349696,0.07471332139248946,20.47145006154211,4.0497527310531634e-17,0.08854932886709115,24.262516109582975,0.9999999999999998,0.9999999999999994,152,1,34,34,0.08854932886709115,24.262516109582975,0.16508573736400764,6.079351169345069e-11,0.0008819300632557327,0.0747133213924895,4.0497527310531634e-17,0.9999999999999576,1.185187958676303,1.0,46,46,0.08854932886709115,24.262516109582975,0.16508573736400764,7.933795111789538e-14,5.3279343598486864e-05,0.0747133213924895,4.0497527310531634e-17,1.0,1.185187958676303,1.0,0.07675609999569133
275,152,271,119.1501421988859,-0.012010239679566919,0.07921175710344236,0.08011709131374775,22.03220011128063,4.1777673608052095e-17,0.0949433688560579,26.109426435415923,0.9999999999999998,0.9999999999999994,152,1,34,34,0.0949433688560579,26.109426435415923,0.17612106885515158,7.002496054820175e-11,0.0008771239114989487,0.08011709131374778,4.1777673608052095e-17,0.9999999999999609,1.1850576112935596,1.0,46,46,0.0949433688560579,26.109426435415923,0.17612106885515158,9.394485428508989e-14,5.289256198347107e-05,0.08011709131374778,4.1777673608052095e-17,0.9999999999999999,1.1850576112935596,1.0,0.07634920001146384
276,153,272,119.78798971827634,-0.012745368307931066,0.07468415719969279,0.07576389476481023,20.910834955087623,4.3089637234616164e-17,0.08978889633484359,24.78173538841683,0.9999999999999998,0.9999999999999997,153,1,34,34,0.08978889633484359,24.78173538841683,0.1672394717050816,6.129673838508984e-11,0.0008723612542447044,0.07576389476481026,4.3089637234616164e-17,0.9999999999999575,1.1851145801515408,1.0,46,46,0.08978889633484359,24.78173538841683,0.1672394717050816,7.882893897005616e-14,5.250997689561016e-05,0.07576389476481026,4.3089637234616164e-17,1.0,1.1851145801515408,1.0,0.07666679998510517
277,154,273,120.42548566313893,-0.0134226452090735,0.07019968919663833,0.07147141923673604,19.797583128575884,3.4170089680666066e-17,0.08470555627704529,23.463439088741545,0.9999999999999998,1.0,154,1,34,34,0.08470555627704529,23.463439088741545,0.15841161737397585,5.356275315909337e-11,0.0008676415424203749,0.07147141923673607,3.4170089680666066e-17,0.999999999999954,1.1851668426573927,1.0,46,46,0.08470555627704529,23.463439088741545,0.15841161737397585,6.605921604507655e-14,5.213152784475231e-05,0.07147141923673607,3.4170089680666066e-17,0.9999999999999999,1.1851668426573927,1.0,0.07574519998161122
278,154,274,120.61748316423517,-0.012397536145315155,0.07579489304832422,0.07680211399877808,21.350987691660308,3.576224061345498e-17,0.09101373942658475,25.30181956059056,0.9999999999999998,1.0,154,1,34,34,0.09101373942658475,25.30181956059056,0.16936396336997908,6.178786236540653e-11,0.0008629642358331901,0.07680211399877811,3.576224061345498e-17,0.9999999999999575,1.1850421126172748,1.0,46,46,0.09101373942658475,25.30181956059056,0.16936396336997908,7.83219525187598e-14,5.175715542673774e-05,0.07680211399877811,3.576224061345498e-17,1.0,1.1850421126172748,1.0,0.07536600000457838
279,155,275,121.25507831331505,-0.01308612311929437,0.07133799032592159,0.07252830814264602,20.23539797179824,3.804545602077247e-17,0.0859529491433964,23.980872811007597,0.9999999999999998,1.0000000000000002,155,1,34,34,0.0859529491433964,23.980872811007597,0.1605912653895633,5.408467213262754e-11,0.00085832880299534,0.07252830814264605,3.804545602077247e-17,0.9999999999999538,1.1850951903406777,1.0,46,46,0.0859529491433964,23.980872811007597,0.1605912653895633,6.577768841614209e-14,5.138680130008607e-05,0.07252830814264605,3.804545602077247e-17,1.0,1.1850951903406777,1.0,0.07904789998428896
280,155,276,121.44696383955423,-0.012050740827990496,0.07688947982879994,0.07782809558794837,21.791866764625542,6.455875440461582e-17,0.09222400039118893,25.8227201095329,0.9999999999999998,1.0000000000000002,155,1,34,34,0.09222400039118893,25.8227201095329,0.17145959577104977,6.226721012382041e-11,0.0008537347209531383,0.07782809558794844,6.455875440461582e-17,0.9999999999999575,1.1849705391669607,1.0,46,46,0.09222400039118893,25.8227201095329,0.17145959577104977,7.781736040068452e-14,5.102040816326531e-05,0.07782809558794844,6.455875440461582e-17,0.9999999999999999,1.1849705391669607,1.0,0.07616009999765083
281,156,277,122.08465695608066,-0.012749818164951703,0.07245998285400404,0.07357314033288162,20.674052433539735,5.1019748043878786e-17,0.0871859669359164,24.499256708992508,0.9999999999999998,0.9999999999999994,156,1,34,34,0.0871859669359164,24.499256708992508,0.1627420486956916,5.4595340572383596e-11,0.0008491814751201332,0.07357314033288166,5.1019748043878786e-17,0.9999999999999538,1.1850244062091622,1.0,46,46,0.0871859669359164,24.499256708992508,0.1627420486956916,6.549293073300237e-14,5.065791973252618e-05,0.07357314033288166,5.1019748043878786e-17,0.9999999999999999,1.1850244062091622,1.0,0.07247370001277886
282,156,278,122.27643207314587,-0.01170518644033026,0.07796822020242052,0.07884196059926481,22.233432888992677,6.13071990641655e-17,0.09341982675996968,26.34439114631145,0.9999999999999998,0.9999999999999992,156,1,34,34,0.09341982675996968,26.34439114631145,0.17352675749872806,6.273510004053597e-11,0.0008446685591140619,0.07884196059926488,6.13071990641655e-17,0.9999999999999574,1.1848998433055304,1.0,46,46,0.09341982675996968,26.34439114631145,0.17352675749872806,7.73154941682369e-14,5.02992807202857e-05,0.07884196059926488,6.13071990641655e-17,1.0,1.1848998433055304,1.0,0.07593410002300516
283,157,279,122.91422194316357,-0.012413998641916458,0.07356595159749403,0.0746060091194157,21.113500580794643,5.310067616522823e-17,0.08840472433353899,25.018536986391535,0.9999999999999998,0.9999999999999989,157,1,34,34,0.08840472433353899,25.018536986391535,0.16486430363711743,5.5095024466229184e-11,0.0008401954745975463,0.07460600911941574,5.310067616522823e-17,0.9999999999999539,1.184954474538865,1.0,46,46,0.08840472433353899,25.018536986391535,0.16486430363711743,6.52054226014751e-14,4.9944436814044376e-05,0.07460600911941574,5.310067616522823e-17,1.0,1.184954474538865,1.0,0.07688859998597763
284,158,280,123.55166968663899,-0.013068382630790873,0.069204614013731,0.07042770211624294,20.001467401012995,3.925231146709438e-17,0.08345715533422178,23.701832114918986,0.9999999999999998,1.0000000000000002,158,1,35,35,0.08345715533422178,23.701832114918986,0.15625305405302042,4.2636142040806135e-11,0.0008357617311224319,0.07042770211624297,3.925231146709438e-17,0.9999999999999835,1.1850046618938859,1.0,46,46,0.08345715533422178,23.701832114918986,0.15625305405302042,5.491909696346116e-14,4.959333465582226e-05,0.07042770211624297,3.925231146709438e-17,0.9999999999999999,1.1850046618938859,1.0,0.07971680001355708
285,158,281,123.74377361594085,-0.012078904625044976,0.07465618376304388,0.07562701707063627,21.553699865131335,5.204170427930421e-17,0.08960934686240174,25.538663855784495,0.9999999999999998,1.0000000000000002,158,1,35,35,0.08960934686240174,25.538663855784495,0.16695838220835454,4.919143658805931e-11,0.0008313668459776735,0.07562701707063631,5.204170427930421e-17,0.9999999999999849,1.1848853800316608,1.0,46,46,0.08960934686240174,25.538663855784495,0.16695838220835454,6.491561073735027e-14,4.924592182209911e-05,0.07562701707063631,5.204170427930421e-17,0.9999999999999999,1.1848853800316608,1.0,0.0796324000111781
286,159,282,124.38131832794951,-0.01274397663351644,0.07032091078227241,0.07146635175859986,20.43937660295956,5.1019748043878786e-17,0.08468307794784367,24.21936029308329,0.9999999999999998,0.9999999999999988,159,1,35,35,0.08468307794784367,24.21936029308329,0.15839958728214218,4.3058388583612936e-11,0.000827010344040675,0.07146635175859992,5.1019748043878786e-17,0.9999999999999833,1.1849363492610827,1.0,46,46,0.08468307794784367,24.21936029308329,0.15839958728214218,5.478891341052425e-14,4.8902146804244705e-05,0.07146635175859992,5.1019748043878786e-17,1.0,1.1849363492610827,1.0,0.0771760999923572
287,159,283,124.57331230580148,-0.011744750101685608,0.07573096434564117,0.07663627154077772,21.994609932203204,4.9096045625102536e-17,0.09079996559445191,26.0595901256077,0.9999999999999998,0.9999999999999988,159,1,35,35,0.09079996559445191,26.0595901256077,0.16902464228773026,4.958249010133928e-11,0.0008226917576319935,0.07663627154077776,4.9096045625102536e-17,0.9999999999999847,1.184817107733872,1.0,46,46,0.09079996559445191,26.0595901256077,0.16902464228773026,6.462390761493857e-14,4.8561958989425635e-05,0.07663627154077776,4.9096045625102536e-17,0.9999999999999999,1.184817107733872,1.0,0.08242910000262782
288,160,284,125.21095280825558,-0.012419750810470025,0.07142161020996969,0.07249342463409367,20.878106294618977,4.654751537338637e-17,0.08589519957605143,24.737817477902812,0.9999999999999998,0.9999999999999999,160,1,35,35,0.08589519957605143,24.737817477902812,0.16051831258655982,4.347180546950718e-11,0.0008184106263733189,0.07249342463409371,4.654751537338637e-17,0.9999999999999835,1.1848688347888439,1.0,46,46,0.08589519957605143,24.737817477902812,0.16051831258655982,5.465342788065765e-14,4.8225308641975306e-05,0.07249342463409371,4.654751537338637e-17,0.9999999999999999,1.1848688347888439,1.0,0.09189929999411106
289,161,285,125.84825879946622,-0.013041831500827862,0.0671521050424903,0.06840683138790772,19.76957427110533,6.13071990641655e-17,0.08105637093079981,23.425291199001148,0.9999999999999998,1.0000000000000002,161,1,35,35,0.08105637093079981,23.425291199001148,0.15206334683743508,3.804680989368261e-11,0.0008141664970486464,0.06840683138790779,6.13071990641655e-17,0.9999999999999818,1.1849163202891482,1.0,46,46,0.08105637093079981,23.425291199001148,0.15206334683743508,4.6155716654289796e-14,4.7892146885214497e-05,0.06840683138790779,6.13071990641655e-17,1.0,1.1849163202891482,1.0,0.0931634999869857
290,161,286,126.04057347048484,-0.01209595661218676,0.07250697963230116,0.07350900803141638,21.31761232911075,4.734873626495502e-17,0.08709362742353383,25.25715195282481,0.9999999999999998,1.0000000000000002,161,1,35,35,0.08709362742353383,25.25715195282481,0.16260954713799472,4.3876594768230087e-11,0.0008099589234685566,0.07350900803141644,4.734873626495502e-17,0.9999999999999833,1.1848021046116093,1.0,46,46,0.08709362742353383,25.25715195282481,0.16260954713799472,5.451308745514197e-14,4.756242568370987e-05,0.07350900803141644,4.734873626495502e-17,0.9999999999999999,1.1848021046116093,1.0,0.08849789999658242
291,162,287,126.67797543473276,-0.012728910540539288,0.06826227422739567,0.06943891737523865,20.206724956194446,3.804545602077247e-17,0.08227472649222717,23.941945409238105,0.9999999999999998,1.0000000000000004,162,1,35,35,0.08227472649222717,23.941945409238105,0.15420446488110823,3.8465138009420736e-11,0.0008057874663375247,0.06943891737523868,3.804545602077247e-17,0.9999999999999819,1.1848503634874594,1.0,46,46,0.08227472649222717,23.941945409238105,0.15420446488110823,4.613131603079078e-14,4.7236097825958596e-05,0.06943891737523868,3.804545602077247e-17,0.9999999999999999,1.1848503634874594,1.0,0.09705620000022464
292,162,288,126.87018064775945,-0.011772817691816793,0.07357728668771216,0.07451319582953438,21.75785318222404,3.576224061345498e-17,0.08827847639123465,25.77731510624052,0.9999999999999998,1.0000000000000004,162,1,35,35,0.08827847639123465,25.77731510624052,0.16467361822670323,4.4272955849360904e-11,0.000801651693124182,0.0745131958295344,3.576224061345498e-17,0.9999999999999832,1.184736145168051,1.0,46,46,0.08827847639123465,25.77731510624052,0.16467361822670323,5.436831146552317e-14,4.6913116907487336e-05,0.0745131958295344,3.576224061345498e-17,1.0,1.184736145168051,1.0,0.09610470000188798
293,163,289,127.50767744142144,-0.012415880714271963,0.06935726424918773,0.07045980554928238,20.64472302593974,2.42861286636753e-17,0.08347973159549414,24.459561357479785,0.9999999999999998,1.0000000000000004,163,1,35,35,0.08347973159549414,24.459561357479785,0.15631849258049207,3.887558848014068e-11,0.0007975511779344519,0.07045980554928238,2.42861286636753e-17,0.999999999999982,1.1847851543828787,1.0,46,46,0.08347973159549414,24.459561357479785,0.15631849258049207,4.610042718446094e-14,4.659343731435427e-05,0.07045980554928238,2.42861286636753e-17,0.9999999999999999,1.1847851543828787,1.0,0.09174070000881329
294,163,290,127.69977466373176,-0.011450534764261817,0.07463279724455905,0.07550608697936234,22.19878957193253,2.949029909160572e-17,0.08944986727972358,26.298260980238734,0.9999999999999998,1.0000000000000002,163,1,35,35,0.08944986727972358,26.298260980238734,0.16671086001867097,4.466108464195395e-11,0.0007934855013874888,0.07550608697936236,2.949029909160572e-17,0.9999999999999831,1.1846709432071671,1.0,46,46,0.08944986727972358,26.298260980238734,0.16671086001867097,5.421949244426484e-14,4.627701420704336e-05,0.07550608697936236,2.949029909160572e-17,0.9999999999999999,1.1846709432071671,1.0,0.08467229999951087
295,164,291,128.33736516334565,-0.01210300231932126,0.070437323255611,0.07146956815706203,21.083522606333297,2.5018537765542006e-17,0.0846714754127202,24.97808524675246,0.9999999999999998,0.9999999999999998,164,1,35,35,0.0846714754127202,24.97808524675246,0.15840571243610296,3.9278318213919954e-11,0.0007894542504943484,0.07146956815706204,2.5018537765542006e-17,0.999999999999982,1.1847206803690988,1.0,46,46,0.0846714754127202,24.97808524675246,0.15840571243610296,4.606346072381263e-14,4.596380350474002e-05,0.07146956815706204,2.5018537765542006e-17,1.0,1.1847206803690988,1.0,0.1260840999893844
296,165,292,128.97462972037255,-0.01270557913598393,0.06627972841822383,0.06748654784751001,19.976018162862964,3.3682237275240583e-17,0.07995579442715485,23.666915150437834,0.9999999999999998,1.0,165,1,35,35,0.07995579442715485,23.666915150437834,0.15014953026471056,3.448344938588003e-11,0.0007854570185393194,0.06748654784751003,3.3682237275240583e-17,0.9999999999999806,1.1847664012659214,1.0,46,46,0.07995579442715485,23.666915150437834,0.15014953026471056,3.907815407464217e-14,4.565376186997809e-05,0.06748654784751003,3.3682237275240583e-17,1.0,1.1847664012659214,1.0,0.18800950000877492
297,165,293,129.16703893470307,-0.011790508547118205,0.07150270254983221,0.07246828660682857,21.523081122228085,3.804545602077247e-17,0.08585005787264784,25.497467188176408,0.9999999999999998,1.0,165,1,35,35,0.08585005787264784,25.497467188176408,0.16046642302406644,3.967348443391998e-11,0.0007814934049638512,0.07246828660682861,3.804545602077247e-17,0.9999999999999819,1.184656929153315,1.0,46,46,0.08585005787264784,25.497467188176408,0.16046642302406644,4.6020806559673067e-14,4.5346846693648044e-05,0.07246828660682861,3.804545602077247e-17,0.9999999999999999,1.184656929153315,1.0,0.17466520000016317
298,166,294,129.80439736392006,-0.012403360842890973,0.06736862353989863,0.06850091092722449,20.4132714563129,6.206335383118183e-17,0.08115326152616772,24.18367193479798,0.9999999999999998,1.0,166,1,35,35,0.08115326152616772,24.18367193479798,0.15225780106659434,3.4886412776223655e-11,0.0007775630152530097,0.06850091092722456,6.206335383118183e-17,0.9999999999999805,1.1847033919356944,1.0,46,46,0.08115326152616772,24.18367193479798,0.15225780106659434,3.9118388181056176e-14,4.504301608035674e-05,0.06850091092722456,6.206335383118183e-17,0.9999999999999999,1.1847033919356944,1.0,0.17690309998579323
299,166,295,129.99669908039843,-0.011478608390945451,0.07255365236511181,0.07345604755301076,21.963358218350216,6.13071990641655e-17,0.08701558501952861,26.017659920839055,0.9999999999999998,1.0,166,1,35,35,0.08701558501952861,26.017659920839055,0.16250093040555486,4.00612425312879e-11,0.0007736654608244016,0.07345604755301081,6.13071990641655e-17,0.9999999999999819,1.1845938887023888,1.0,46,46,0.08701558501952861,26.017659920839055,0.16250093040555486,4.5972832710491386e-14,4.474222883412937e-05,0.07345604755301081,6.13071990641655e-17,0.9999999999999999,1.1845938887023888,1.0,0.17505700001493096
300,167,296,130.6341502905064,-0.012101027003591558,0.0684429816485005,0.0695045077061814,20.85135231185442,5.003707553108401e-17,0.08233789451252527,24.70136835375758,0.9999999999999998,1.0000000000000002,167,1,35,35,0.08233789451252527,24.70136835375758,0.15433994945944546,3.52825199481507e-11,0.0007698003589195011,0.06950450770618144,5.003707553108401e-17,0.9999999999999805,1.1846410719229155,1.0,46,46,0.08233789451252527,24.70136835375758,0.15433994945944546,3.9152133546805194e-14,4.4444444444444447e-05,0.06950450770618144,5.003707553108401e-17,0.9999999999999999,1.1846410719229155,1.0,0.17676549998577684
301,168,297,131.27128248770126,-0.012674830988356402,0.06436923310725087,0.06560525521175115,19.747181818737094,6.206335383118183e-17,0.077721523300352,23.39417851340595,0.9999999999999998,0.9999999999999992,168,1,35,35,0.077721523300352,23.39417851340595,0.14622808270984244,3.101706735414002e-11,0.0007659673324973222,0.0656052552117512,6.206335383118183e-17,0.9999999999999789,1.1846844136112833,1.0,46,46,0.077721523300352,23.39417851340595,0.14622808270984244,3.3292834233491383e-14,4.414962307259302e-05,0.0656052552117512,6.206335383118183e-17,1.0,1.1846844136112833,1.0,0.18019859999185428
302,168,298,131.46388883482277,-0.011798821125804892,0.06950303698420088,0.07049740654794284,21.29021677747874,4.734873626495502e-17,0.08350977767115998,25.219952856690316,0.9999999999999998,0.9999999999999992,168,1,35,35,0.08350977767115998,25.219952856690316,0.1563962437213173,3.5671891642368964e-11,0.0007621660101303788,0.0704974065479429,4.734873626495502e-17,0.9999999999999805,1.1845794300868058,1.0,46,46,0.08350977767115998,25.219952856690316,0.1563962437213173,3.917973401322058e-14,4.385772553835358e-05,0.0704974065479429,4.734873626495502e-17,0.9999999999999999,1.1845794300868058,1.0,0.17618989999755286
303,169,299,132.1011139523161,-0.012383058356544898,0.06545170136272033,0.06661280166406697,20.18367890421229,6.13071990641655e-17,0.07891109055108113,23.91006043697758,0.9999999999999998,0.9999999999999996,169,1,35,35,0.07891109055108113,23.91006043697758,0.14832964872778662,3.1409462953258717e-11,0.0007583960259028727,0.06661280166406702,6.13071990641655e-17,0.9999999999999786,1.184623504488451,1.0,46,46,0.07891109055108113,23.91006043697758,0.14832964872778662,3.338050911191779e-14,4.3568713306974265e-05,0.06661280166406702,6.13071990641655e-17,1.0,1.184623504488451,1.0,0.17768580000847578
304,169,300,132.29361332244807,-0.011496960663325844,0.07054902446691985,0.07147968213225432,21.729823368205313,6.285829819150323e-17,0.08466900267929474,25.7393768145056,0.9999999999999998,0.9999999999999994,169,1,35,35,0.08466900267929474,25.7393768145056,0.15842696221317892,3.6054648490911074e-11,0.0007546570193110584,0.07147968213225438,6.285829819150323e-17,0.9999999999999803,1.184518455505119,1.0,46,46,0.08466900267929474,25.7393768145056,0.15842696221317892,3.9201516727422674e-14,4.3282548476454294e-05,0.07147968213225438,6.285829819150323e-17,0.9999999999999999,1.184518455505119,1.0,0.16849529999308288
305,170,301,132.93093029987267,-0.012090917077293463,0.0665200189579052,0.06760993416599409,20.621029920628196,5.815852873680767e-17,0.08008824281175524,24.426914057585346,0.9999999999999998,0.9999999999999998,170,1,35,35,0.08008824281175524,24.426914057585346,0.15040577436771263,3.179580794024182e-11,0.0007509486351657288,0.06760993416599413,5.815852873680767e-17,0.9999999999999789,1.1845632420692016,1.0,46,46,0.08008824281175524,24.426914057585346,0.15040577436771263,3.3461764221021213e-14,4.299919376511691e-05,0.06760993416599413,5.815852873680767e-17,1.0,1.1845632420692016,1.0,0.18503730001975782
306,170,302,133.12332407015106,-0.011195641706382112,0.07158117834212291,0.07245141465882146,22.17013288559937,4.654751537338637e-17,0.08581566766556253,26.259594305662134,0.9999999999999998,0.9999999999999998,170,1,35,35,0.08581566766556253,26.259594305662134,0.16043239170077653,3.6430910677977424e-11,0.0007472705234967705,0.0724514146588215,4.654751537338637e-17,0.9999999999999803,1.1844581374935774,1.0,46,46,0.08581566766556253,26.259594305662134,0.16043239170077653,3.921779279396233e-14,4.2718612499466016e-05,0.0724514146588215,4.654751537338637e-17,0.9999999999999999,1.1844581374935774,1.0,0.18483589999959804
307,171,303,133.7607318650377,-0.011798658852769602,0.06757440271632445,0.06859670730575948,21.05918914286816,6.285829819150323e-17,0.08125304786400804,24.94468569425047,0.9999999999999998,1.0000000000000004,171,1,35,35,0.08125304786400804,24.94468569425047,0.15245669570522066,3.2176191743487826e-11,0.0007436223394597388,0.06859670730575954,6.285829819150323e-17,0.9999999999999788,1.1845036162134552,1.0,46,46,0.08125304786400804,24.94468569425047,0.15245669570522066,3.353689236104924e-14,4.244076860231939e-05,0.06859670730575954,6.285829819150323e-17,1.0,1.1845036162134552,1.0,0.1946530999848619
308,172,304,134.3978284526798,-0.01235575932085205,0.06360277929616316,0.06479180752681055,19.95587671825765,3.925231146709438e-17,0.076748840682053,23.638642930072322,0.9999999999999998,0.9999999999999983,172,1,35,35,0.076748840682053,23.638642930072322,0.14452784891918924,2.8366812502710425e-11,0.0007400037432444023,0.06479180752681057,3.925231146709438e-17,0.9999999999999774,1.184545448130841,1.0,46,46,0.076748840682053,23.638642930072322,0.14452784891918924,2.863519472360021e-14,4.2165626581210996e-05,0.06479180752681057,3.925231146709438e-17,1.0,1.184545448130841,1.0,0.2344837999844458
309,172,305,134.5905189735548,-0.011506509367329713,0.06861507297157242,0.0695731844658174,21.498113999937576,4.1777673608052095e-17,0.0824055838285981,25.463325403036812,0.9999999999999998,0.9999999999999984,172,1,35,35,0.0824055838285981,25.463325403036812,0.154482664641865,3.255070572118892e-11,0.0007364143999852095,0.06957318446581742,4.1777673608052095e-17,0.9999999999999788,1.1844446170073688,1.0,47,47,0.0824055838285981,25.463325403036812,0.154482664641865,3.360617484950275e-14,4.189315151705575e-05,0.06957318446581742,4.1777673608052095e-17,1.0,1.1844446170073688,1.0,0.22958019998623058
310,173,306,135.22770650561392,-0.012073472071649428,0.06466475773072553,0.06578221355532454,20.392486202150607,5.204170427930421e-17,0.07791818679444917,24.154637906279245,0.9999999999999998,0.9999999999999984,173,1,35,35,0.07791818679444917,24.154637906279245,0.14659708442943986,2.8741302294350597e-11,0.000732853979673632,0.0657822135553246,5.204170427930421e-17,0.9999999999999771,1.1844871521223281,1.0,47,47,0.07791818679444917,24.154637906279245,0.14659708442943986,2.8747456487605844e-14,4.162330905306972e-05,0.0657822135553246,5.204170427930421e-17,0.9999999999999999,1.1844871521223281,1.0,0.21992499998304993
311,173,307,135.42029194253126,-0.011214671725774004,0.06964224992905482,0.07053943462417182,21.937764168117436,6.285829819150323e-17,0.08354593537469909,25.982785901531418,0.9999999999999998,0.9999999999999983,173,1,35,35,0.08354593537469909,25.982785901531418,0.1564839418610128,3.2919441621241315e-11,0.0007293221570723379,0.07053943462417189,6.285829819150323e-17,0.999999999999979,1.1843862347327394,1.0,47,47,0.08354593537469909,25.982785901531418,0.1564839418610128,3.366988059782487e-14,4.1356065383939374e-05,0.07053943462417189,6.285829819150323e-17,1.0,1.1843862347327394,1.0,0.2322981999896001
312,174,308,136.05756940546834,-0.011790832863515892,0.06571316572423247,0.06676259348704039,20.8299291679566,4.654751537338637e-17,0.0790755821422342,24.67158162837707,0.9999999999999998,1.0000000000000002,174,1,35,35,0.0790755821422342,24.67158162837707,0.1486417645242153,2.9110545124764474e-11,0.0007258186116311511,0.06676259348704043,4.654751537338637e-17,0.9999999999999772,1.1844294538615243,1.0,47,47,0.0790755821422342,24.67158162837707,0.1486417645242153,2.8853883068980433e-14,4.10913872452334e-05,0.06676259348704043,4.654751537338637e-17,1.0,1.1844294538615243,1.0,0.23240800001076423
313,175,309,136.6945419932405,-0.012322161351965696,0.061818384473884276,0.06303450102400156,19.72979882051249,4.819909745438293e-17,0.07466242361898971,23.36933859274378,0.9999999999999998,1.0000000000000007,175,1,35,35,0.07466242361898971,23.36933859274378,0.14084657936297895,2.5694072417445284e-11,0.000722343027404756,0.0630345010240016,4.819909745438293e-17,0.9999999999999757,1.1844691780864673,1.0,47,47,0.07466242361898971,23.36933859274378,0.14084657936297895,2.4687219925152488e-14,4.082924190305097e-05,0.0630345010240016,4.819909745438293e-17,1.0,1.1844691780864673,1.0,0.21939620000193827
314,175,310,136.88741747769677,-0.011508076613404741,0.06674820900556724,0.06773299958506844,21.26816186971149,5.991705756259507e-17,0.08022109150949804,25.189422733982383,0.9999999999999998,1.0000000000000009,175,1,35,35,0.08022109150949804,25.189422733982383,0.15066211480456704,2.947460770350441e-11,0.0007188950929721023,0.0677329995850685,5.991705756259507e-17,0.9999999999999772,1.184372344365841,1.0,47,47,0.08022109150949804,25.189422733982383,0.15066211480456704,2.8954710579696497e-14,4.056959714390036e-05,0.0677329995850685,5.991705756259507e-17,1.0,1.184372344365841,1.0,0.23083769998629577
315,176,311,137.52448010096188,-0.012049404107888809,0.06287376827932653,0.06401795745724519,20.165656599032232,5.1019748043878786e-17,0.07582368583073032,23.88446103668005,0.9999999999999998,0.9999999999999982,176,1,35,35,0.07582368583073032,23.88446103668005,0.14290814867305224,2.6055387445658665e-11,0.0007154745013574743,0.06401795745724523,5.1019748043878786e-17,0.9999999999999757,1.1844127623310954,1.0,47,47,0.07582368583073032,23.88446103668005,0.14290814867305224,2.4818759945772222e-14,4.031242126480222e-05,0.06401795745724523,5.1019748043878786e-17,1.0,1.1844127623310954,1.0,0.21260420000180602
316,176,312,137.71725103929523,-0.011225413925834437,0.06777009425005537,0.0686934901753267,21.707142895403233,4.1777673608052095e-17,0.08135478678910214,25.70811262535628,0.9999999999999998,0.9999999999999983,176,1,35,35,0.08135478678910214,25.70811262535628,0.15265837089797654,2.983355792579071e-11,0.0007120809499531797,0.06869349017532674,4.1777673608052095e-17,0.9999999999999774,1.1843158148095252,1.0,47,47,0.08135478678910214,25.70811262535628,0.15265837089797654,2.905016595195343e-14,4.00576830636116e-05,0.06869349017532674,4.1777673608052095e-17,1.0,1.1843158148095252,1.0,0.24178280000342056
317,177,313,138.3544027123595,-0.011776071570054914,0.06391593836468377,0.06499171515401875,20.602373703823943,3.576224061345498e-17,0.07697338681363873,24.400563619923478,0.9999999999999998,1.0,177,1,35,35,0.07697338681363873,24.400563619923478,0.144945808429202,2.6412106879643328e-11,0.0007087141404438239,0.06499171515401879,3.576224061345498e-17,0.9999999999999756,1.1843569081262983,1.0,47,47,0.07697338681363873,24.400563619923478,0.144945808429202,2.4944901646393932e-14,3.980535182955348e-05,0.06499171515401879,3.576224061345498e-17,1.0,1.1843569081262983,1.0,0.2547716999833938
318,178,314,138.99125559569,-0.012282896079413309,0.06009528137941956,0.06133769135017455,19.505385849355505,2.823925224926892e-17,0.07264803344831992,23.102074636565735,0.9999999999999998,1.0000000000000013,178,1,35,35,0.07264803344831992,23.102074636565735,0.13728038644078622,2.3337775100631887e-11,0.0007053737787321312,0.06133769135017458,2.823925224926892e-17,0.9999999999999738,1.1843946495080009,1.0,47,47,0.07264803344831992,23.102074636565735,0.13728038644078622,2.138397313329965e-14,3.955539733396622e-05,0.06133769135017458,2.823925224926892e-17,1.0,1.1843946495080009,1.0,0.24412840002332814
319,178,315,139.18431015219574,-0.01150240648132543,0.06494508477809353,0.06595581393399216,21.0399046449435,3.469446951953614e-17,0.07811157645249141,24.91759288834476,0.9999999999999998,1.0000000000000013,178,1,35,35,0.07811157645249141,24.91759288834476,0.1469597547723994,2.6764276186379763e-11,0.0007020595748662749,0.06595581393399218,3.469446951953614e-17,0.9999999999999757,1.1843016072952204,1.0,47,47,0.07811157645249141,24.91759288834476,0.1469597547723994,2.5065838893749762e-14,3.930778982124783e-05,0.06595581393399218,3.469446951953614e-17,1.0,1.1843016072952204,1.0,0.2268000000040047
320,179,316,139.82125216965167,-0.012019362077727544,0.061143847675981744,0.06231400463282048,19.940481482502555,2.5018537765542006e-17,0.07380097027389916,23.61631048764773,0.9999999999999998,1.0000000000000007,179,1,35,35,0.07380097027389916,23.61631048764773,0.13933358453167882,2.3685160882541034e-11,0.0006987712429686843,0.062314004632820504,2.5018537765542006e-17,0.9999999999999738,1.1843400325298392,1.0,47,47,0.07380097027389916,23.61631048764773,0.13933358453167882,2.1526476724479513e-14,3.90625e-05,0.062314004632820504,2.5018537765542006e-17,0.9999999999999999,1.1843400325298392,1.0,0.213160399987828
321,179,317,140.0142027369552,-0.011228626722928212,0.06596140113713095,0.06691030188286672,21.478206904400217,1.962615573354719e-17,0.07923831435916,25.43549890929036,0.9999999999999998,1.0000000000000009,179,1,35,35,0.07923831435916,25.43549890929036,0.1489501989918841,2.711194335606895e-11,0.0006955085011662898,0.06691030188286673,1.962615573354719e-17,0.9999999999999757,1.1842468518207363,1.0,47,47,0.07923831435916,25.43549890929036,0.1489501989918841,2.5181759715370253e-14,3.881949903436496e-05,0.06691030188286673,1.962615573354719e-17,1.0,1.1842468518207363,1.0,0.20386929999222048
322,180,318,140.6512329296503,-0.01175503795668253,0.06217954915680919,0.06328093907889719,20.376462383404895,3.804545602077247e-17,0.07494272662786008,24.131557974170946,0.9999999999999998,0.9999999999999981,180,1,35,35,0.07494272662786008,24.131557974170946,0.14136351172102884,2.4028539760578485e-11,0.0006922710715221774,0.06328093907889723,3.804545602077247e-17,0.9999999999999738,1.184285943266791,1.0,47,47,0.07494272662786008,24.131557974170946,0.14136351172102884,2.1664083095609566e-14,3.8578758535550326e-05,0.06328093907889723,3.804545602077247e-17,1.0,1.184285943266791,1.0,0.2089533999969717
323,180,319,140.84408077509954,-0.010954929047563044,0.06696508164230677,0.06785523288441321,21.917240221665466,3.576224061345498e-17,0.08035366694871884,25.954234424436187,0.9999999999999998,0.999999999999998,180,1,35,35,0.08035366694871884,25.954234424436187,0.15091736207361697,2.7455157856941425e-11,0.0006890586799686158,0.06785523288441324,3.576224061345498e-17,0.9999999999999757,1.1841926338326163,1.0,47,47,0.08035366694871884,25.954234424436187,0.15091736207361697,2.5292845655554154e-14,3.8340250553537365e-05,0.06785523288441324,3.576224061345498e-17,1.0,1.1841926338326163,1.0,0.21178889999282546
324,181,320,141.4811981994008,-0.011490173246755869,0.06320256184701338,0.06423852352962368,20.813281623598073,4.734873626495502e-17,0.07607333923972084,24.647761913669555,0.9999999999999998,1.0000000000000013,181,1,35,35,0.07607333923972084,24.647761913669555,0.14337033776311084,2.4367940069183728e-11,0.0006858710562414266,0.06423852352962373,4.734873626495502e-17,0.9999999999999739,1.1842323742798901,1.0,47,47,0.07607333923972084,24.647761913669555,0.14337033776311084,2.1796949320851897e-14,3.8103947568968146e-05,0.06423852352962373,4.734873626495502e-17,1.0,1.1842323742798901,1.0,0.22130770000512712
325,182,321,142.1180236961675,-0.011983926139688001,0.05947199240026421,0.06066739128871936,19.716902168833794,5.2186064346577006e-17,0.07184650608602061,23.350114477956698,0.9999999999999998,1.0000000000000007,182,1,35,35,0.07184650608602061,23.350114477956698,0.13586830705430572,2.1586414830444258e-11,0.0006827079338156666,0.06066739128871941,5.2186064346577006e-17,0.999999999999972,1.18426892206555,1.0,47,47,0.07184650608602061,23.350114477956698,0.13586830705430572,1.8752905642329465e-14,3.78698224852071e-05,0.06066739128871941,5.2186064346577006e-17,0.9999999999999999,1.18426892206555,1.0,0.20986370000173338
326,182,322,142.31114829452204,-0.011224993945824603,0.06421306680067877,0.06518679649309539,21.250895656749098,4.734873626495502e-17,0.07719285623373023,25.164871132196055,0.9999999999999998,1.0000000000000007,182,1,35,35,0.07719285623373023,25.164871132196055,0.14535425090712306,2.4703393408659305e-11,0.0006795690498425905,0.06518679649309543,4.734873626495502e-17,0.9999999999999739,1.1841793183057636,1.0,47,47,0.07719285623373023,25.164871132196055,0.14535425090712306,2.1925228946691562e-14,3.7637848620572846e-05,0.06518679649309543,4.734873626495502e-17,1.0,1.1841793183057636,1.0,0.20817499997792765
327,183,323,142.94806109934422,-0.01172832307190317,0.060501028488322256,0.061627331681841604,20.152137459962205,3.469446951953614e-17,0.07298010443490534,23.864494150214046,0.9999999999999998,0.9999999999999992,183,1,35,35,0.07298010443490534,23.864494150214046,0.13788986194319017,2.1916052686356602e-11,0.0006764541450878667,0.06162733168184163,3.469446951953614e-17,0.999999999999972,1.1842165228193517,1.0,47,47,0.07298010443490534,23.864494150214046,0.13788986194319017,1.8896130134957058e-14,3.7407999700736e-05,0.06162733168184163,3.469446951953614e-17,1.0,1.1842165228193517,1.0,0.20339800001238473
328,183,324,143.14108352278174,-0.010959703471687163,0.06521124628636471,0.06612580239519386,21.689263185623588,3.273069708340169e-17,0.07830133268454141,25.682837120529584,0.9999999999999998,0.9999999999999992,183,1,35,35,0.07830133268454141,25.682837120529584,0.14731544955289375,2.5034933164450227e-11,0.0006733629638710155,0.06612580239519389,3.273069708340169e-17,0.9999999999999741,1.184126768195292,1.0,47,47,0.07830133268454141,25.682837120529584,0.14731544955289375,2.2049070874612706e-14,3.7180249851279e-05,0.06612580239519389,3.273069708340169e-17,1.0,1.184126768195292,1.0,0.22413190000224859
329,184,325,143.77808271717117,-0.01147198083628761,0.061517705123824165,0.06257822614943581,20.58823640316438,3.184528986116163e-17,0.07410292094621526,24.37986099130482,0.9999999999999998,0.9999999999999994,184,1,35,35,0.07410292094621526,24.37986099130482,0.13988892572202022,2.2242227624050298e-11,0.0006702952540060441,0.06257822614943584,3.184528986116163e-17,0.9999999999999722,1.1841646129319592,1.0,47,47,0.07410292094621526,24.37986099130482,0.13988892572202022,1.903509991275205e-14,3.695457359041398e-05,0.06257822614943584,3.184528986116163e-17,1.0,1.1841646129319592,1.0,0.23639390000607818
330,185,326,144.41479557492522,-0.011943618524518428,0.05785539895447926,0.05907535198067956,19.494866153624255,2.359479019930958e-17,0.0699569958011443,23.08580861437762,0.9999999999999998,0.9999999999999998,185,1,35,35,0.0699569958011443,23.08580861437762,0.13250754478778767,1.9722045243310875e-11,0.0006672507667432488,0.05907535198067957,2.359479019930958e-17,0.9999999999999702,1.1841993903654362,1.0,47,47,0.0699569958011443,23.08580861437762,0.13250754478778767,1.640458229729933e-14,3.6730945821854914e-05,0.05907535198067957,2.359479019930958e-17,1.0,1.1841993903654362,1.0,0.23763369998778217
331,185,327,144.60808886408878,-0.011215133043644982,0.06252218938859604,0.06352010213412859,21.025153806396563,2.5018537765542006e-17,0.07521499050023522,24.89616185557786,0.9999999999999998,0.9999999999999998,185,1,35,35,0.07521499050023522,24.89616185557786,0.14186566011969534,2.256495705042326e-11,0.0006642292567121604,0.0635201021341286,2.5018537765542006e-17,0.9999999999999724,1.1841131857976517,1.0,47,47,0.07521499050023522,24.89616185557786,0.14186566011969534,1.916993806193696e-14,3.6509341827840195e-05,0.0635201021341286,2.5018537765542006e-17,1.0,1.1841131857976517,1.0,0.2627257000131067
332,186,328,145.24488817081635,-0.011696465668319268,0.05887760036943484,0.06002815284841809,19.929346745674806,1.8683543625880677e-17,0.07108225376898232,23.59930825130213,0.9999999999999998,0.999999999999999,186,1,35,35,0.07108225376898232,23.59930825130213,0.13452014984376204,2.0037844297250645e-11,0.0006612304818656046,0.0600281528484181,1.8683543625880677e-17,0.9999999999999702,1.1841486102109093,1.0,47,47,0.07108225376898232,23.59930825130213,0.13452014984376204,1.6549314897155052e-14,3.628973726230222e-05,0.0600281528484181,1.8683543625880677e-17,0.9999999999999999,1.1841486102109093,1.0,0.15250499997637235
333,186,329,145.43807984685708,-0.010957989680040222,0.06351465184069206,0.06445299478125276,21.46284726215717,2.0888836804026048e-17,0.07631635704805179,25.413346897001244,0.9999999999999998,0.9999999999999991,186,1,35,35,0.07631635704805179,25.413346897001244,0.14382024119334205,2.288426098329427e-11,0.000658254203424854,0.06445299478125278,2.0888836804026048e-17,0.9999999999999725,1.1840622349211567,1.0,47,47,0.07631635704805179,25.413346897001244,0.14382024119334205,1.9300765017231636e-14,3.607210814418022e-05,0.06445299478125278,2.0888836804026048e-17,1.0,1.1840622349211567,1.0,0.13869610000983812
334,187,330,146.07496470829759,-0.011448382584206267,0.05988776393923735,0.06097220459714553,20.364716335446605,2.2215299868541707e-17,0.07219708322939,24.11382579861626,0.9999999999999998,0.9999999999999993,187,1,35,35,0.07219708322939,24.11382579861626,0.13651086560912132,2.0350642614690856e-11,0.0006553001858258477,0.06097220459714555,2.2215299868541707e-17,0.9999999999999704,1.1840982904654553,1.0,47,47,0.07219708322939,24.11382579861626,0.13651086560912132,1.66902690855765e-14,3.58564308508731e-05,0.06097220459714555,2.2215299868541707e-17,1.0,1.1840982904654553,1.0,0.1418056999973487
335,187,331,146.2680559647857,-0.010700740951371237,0.06449526416427426,0.06537694514527176,21.90127662366604,3.3682237275240583e-17,0.0774070714872389,25.931368948225032,0.9999999999999998,0.9999999999999994,187,1,35,35,0.0774070714872389,25.931368948225032,0.14575285535584628,2.3200161380189225e-11,0.0006523681966664514,0.06537694514527179,3.3682237275240583e-17,0.9999999999999725,1.1840117539177677,1.0,47,47,0.0774070714872389,25.931368948225032,0.14575285535584628,1.942769814861131e-14,3.5642682111828916e-05,0.06537694514527179,3.3682237275240583e-17,1.0,1.1840117539177677,1.0,0.17545810001320206
336,188,332,146.9050255003548,-0.011199608938434608,0.06088604382361873,0.0619075243638888,20.80092818626664,2.5018537765542006e-17,0.07330150672553443,24.629306259779568,0.9999999999999998,1.0000000000000016,188,1,36,36,0.07330150672553443,24.629306259779568,0.1384798288443708,1.2216873807362487e-11,0.0006494580066547393,0.06190752436388881,2.5018537765542006e-17,0.9999999999999899,1.184048425110209,1.0,47,47,0.07330150672553443,24.629306259779568,0.1384798288443708,1.6827542242850262e-14,3.5430839002267575e-05,0.06190752436388881,2.5018537765542006e-17,0.9999999999999999,1.184048425110209,1.0,0.29528369999025017
337,189,333,147.5417150091815,-0.011659953388264793,0.05730665337162063,0.05848082620544605,19.70803843123532,2.823925224926892e-17,0.06924610352064835,23.335936886458494,0.9999999999999998,0.9999999999999997,189,1,36,36,0.06924610352064835,23.335936886458494,0.13124991523535187,1.083230378750035e-11,0.000646569389558271,0.058480826205446076,2.823925224926892e-17,0.9999999999999893,1.1840821686989056,1.0,47,47,0.06924610352064835,23.335936886458494,0.13124991523535187,1.4550202529254888e-14,3.522087893703387e-05,0.058480826205446076,2.823925224926892e-17,1.0,1.1840821686989056,1.0,0.2995278999733273
338,189,334,147.73507085246342,-0.0109503617384538,0.061872599572026316,0.06283413881007126,21.237938917804087,4.2349997174859565e-17,0.07439555803589175,25.145698616131412,0.9999999999999998,0.9999999999999994,189,1,36,36,0.07439555803589175,25.145698616131412,0.1404271949101482,1.2393860970214979e-11,0.0006437021221543446,0.0628341388100713,4.2349997174859565e-17,0.99999999999999,1.183999008258348,1.0,47,47,0.07439555803589175,25.145698616131412,0.1404271949101482,1.6961230646322165e-14,3.501277966457757e-05,0.0628341388100713,4.2349997174859565e-17,1.0,1.183999008258348,1.0,0.16886629999498837
339,190,335,148.37184508897946,-0.011419874634406099,0.05831015239531267,0.0594179047849227,20.142669722088794,2.823925224926892e-17,0.07035278225722037,23.849593185197705,0.9999999999999998,0.9999999999999999,190,1,36,36,0.07035278225722037,23.849593185197705,0.1332317524861907,1.1005223512760704e-11,0.0006408559841812017,0.05941790478492272,2.823925224926892e-17,0.9999999999999893,1.1840333736418185,1.0,47,47,0.07035278225722037,23.849593185197705,0.1332317524861907,1.469026244320785e-14,3.48065192610576e-05,0.05941790478492272,2.823925224926892e-17,1.0,1.1840333736418185,1.0,0.1773613999830559
340,190,336,148.56510106281178,-0.010700837059863438,0.06284759230839228,0.06375208053658826,21.67570738244001,4.819909745438293e-17,0.07547927792581074,25.662954494775654,0.9999999999999998,1.0000000000000002,190,1,36,36,0.07547927792581074,25.662954494775654,0.1423531297608864,1.256901860251764e-11,0.0006380307582901652,0.06375208053658829,4.819909745438293e-17,0.9999999999999901,1.1839500341089586,1.0,47,47,0.07547927792581074,25.662954494775654,0.1423531297608864,1.7091428533281156e-14,3.460207612456748e-05,0.06375208053658829,4.819909745438293e-17,1.0,1.1839500341089586,1.0,0.1577629999956116
341,191,337,149.20195916920395,-0.011178927442181201,0.05930207176978793,0.060346533744256026,20.578168006791305,2.359479019930958e-17,0.07144939114308405,24.36424237979166,0.9999999999999998,0.9999999999999996,191,1,36,36,0.07144939114308405,24.36424237979166,0.13519241213113065,1.1176544399125506e-11,0.000635226229998689,0.06034653374425603,2.359479019930958e-17,0.9999999999999892,1.1839850064277275,1.0,47,47,0.07144939114308405,24.36424237979166,0.13519241213113065,1.4827071043108026e-14,3.4399428969479106e-05,0.06034653374425603,2.359479019930958e-17,1.0,1.1839850064277275,1.0,0.1713117999897804
342,192,338,149.83854240282972,-0.011619221413046379,0.055785742700397684,0.056982939507192576,19.48816531145986,2.823925224926892e-17,0.06746877829746088,23.07432217773162,0.9999999999999998,0.9999999999999979,192,1,36,36,0.06746877829746088,23.07432217773162,0.12807495876679642,9.918631862696255e-12,0.0006324421876442984,0.056982939507192604,2.823925224926892e-17,0.9999999999999885,1.1840171616444033,1.0,47,47,0.06746877829746088,23.07432217773162,0.12807495876679642,1.2839658216120446e-14,3.419855682090216e-05,0.056982939507192604,2.823925224926892e-17,0.9999999999999999,1.1840171616444033,1.0,0.20909230000688694
343,192,339,150.03205755380196,-0.010937336249486191,0.060282558802075135,0.061266730122962916,21.01448843217628,3.273069708340169e-17,0.07253595244260605,24.879831687813876,0.9999999999999998,0.9999999999999978,192,1,36,36,0.07253595244260605,24.879831687813876,0.1371320261676841,1.1346269247071058e-11,0.000629678422339404,0.061266730122962944,3.273069708340169e-17,0.9999999999999893,1.1839370617140117,1.0,47,47,0.07253595244260605,24.879831687813876,0.1371320261676841,1.496070387548537e-14,3.399943900925635e-05,0.061266730122962944,3.273069708340169e-17,1.0,1.1839370617140117,1.0,0.19833389998530038
344,193,340,150.66872469646552,-0.01138690663677998,0.056782449869577964,0.057912936861688157,19.922050280420727,4.579801393138379e-17,0.06856716996704391,23.587106468663105,0.9999999999999998,0.9999999999999992,193,1,36,36,0.06856716996704391,23.587106468663105,0.13004744288380127,1.0083894681236292e-11,0.0006269347279269675,0.0579129368616882,4.579801393138379e-17,0.9999999999999888,1.1839698292421426,1.0,47,47,0.06856716996704391,23.587106468663105,0.13004744288380127,1.2976847914813803e-14,3.380205516495403e-05,0.0579129368616882,4.579801393138379e-17,1.0,1.1839698292421426,1.0,0.1781312000239268
345,193,341,150.86214053959333,-0.010695303152052346,0.0612517641156831,0.06217851812963691,21.45158875472473,3.273069708340169e-17,0.07361249686777153,25.39631141938118,0.9999999999999998,0.9999999999999993,193,1,36,36,0.07361249686777153,25.39631141938118,0.13905074011064916,1.1514402238312538e-11,0.0006242109009370035,0.062178518129636935,3.273069708340169e-17,0.9999999999999892,1.183889534232639,1.0,47,47,0.07361249686777153,25.39631141938118,0.13905074011064916,1.50912355489313e-14,3.3606385213190505e-05,0.062178518129636935,3.273069708340169e-17,1.0,1.183889534232639,1.0,0.16773689998080954
346,194,342,151.49889075544328,-0.011153552434803815,0.05776787437501864,0.058834760488369914,20.35682712897599,2.823925224926892e-17,0.06965582024614192,24.100913805165103,0.9999999999999998,0.999999999999999,194,1,36,36,0.06965582024614192,24.100913805165103,0.13199931666813117,1.0247781159622345e-11,0.0006215067405438964,0.058834760488369935,2.823925224926892e-17,0.9999999999999886,1.1839228997951143,1.0,47,47,0.06965582024614192,24.100913805165103,0.13199931666813117,1.311118518458381e-14,3.3412409368839586e-05,0.058834760488369935,2.823925224926892e-17,1.0,1.1839228997951143,1.0,0.169507499987958
347,194,343,151.69220841647336,-0.010453011737048814,0.062209839914755385,0.0630819279714434,21.889429006090857,3.184528986116163e-17,0.07467906219228333,25.913634580722317,0.9999999999999998,0.9999999999999991,194,1,36,36,0.07467906219228333,25.913634580722317,0.14094871039373824,1.1680948706341984e-11,0.0006188220485245175,0.06308192797144342,3.184528986116163e-17,0.9999999999999895,1.1838424188000383,1.0,47,47,0.07467906219228333,25.913634580722317,0.14094871039373824,1.5218739500758708e-14,3.322010813145197e-05,0.06308192797144342,3.184528986116163e-17,1.0,1.1838424188000383,1.0,0.15418770001269877
348,195,344,152.32904088196463,-0.01091938893802079,0.058742151485087706,0.05974841768513006,20.792449354425262,3.878959614448864e-17,0.0707347397485999,24.615689432512763,0.9999999999999998,1.0000000000000004,195,1,36,36,0.0707347397485999,24.615689432512763,0.13393068837550084,1.0410289119167621e-11,0.0006161566292171235,0.0597484176851301,3.878959614448864e-17,0.9999999999999887,1.183876368431495,1.0,47,47,0.0707347397485999,24.615689432512763,0.13393068837550084,1.3242728218546985e-14,3.302946228035408e-05,0.0597484176851301,3.878959614448864e-17,0.9999999999999999,1.183876368431495,1.0,0.16531519999261945
349,196,345,152.9656042959489,-0.01134989139891332,0.05530237567322522,0.0564550510571876,19.702812818958474,2.964296775167217e-17,0.06683756536800765,23.32631031343467,0.9999999999999998,1.0000000000000007,196,1,36,36,0.06683756536800765,23.32631031343467,0.1269540105420375,9.259681253377528e-12,0.0006135102894810192,0.05645505105718763,2.964296775167217e-17,0.9999999999999879,1.1839076241433706,1.0,47,47,0.06683756536800765,23.32631031343467,0.1269540105420375,1.150279089057475e-14,3.2840452869845076e-05,0.05645505105718763,2.964296775167217e-17,1.0,1.1839076241433706,1.0,0.16801330001908354
350,196,346,153.15917537126637,-0.010684624398574228,0.059705421927476576,0.060653924902487624,21.22887371587067,1.962615573354719e-17,0.07180394989043164,25.13138246165107,0.9999999999999998,1.0000000000000007,196,1,36,36,0.07180394989043164,25.13138246165107,0.13584168440220637,1.057141811322893e-11,0.00061088283865697,0.060653924902487645,1.962615573354719e-17,0.9999999999999888,1.1838302303745345,1.0,48,48,0.07180394989043164,25.13138246165107,0.13584168440220637,8.588728161251993e-15,3.265306122448979e-05,0.060653924902487645,1.962615573354719e-17,1.0,1.1838302303745345,1.0,0.17094460001681
351,197,347,153.79582106979254,-0.011123904476503936,0.0562811894486344,0.05736997068637442,20.13685971091742,1.8440363494407353e-17,0.06791813254226858,23.839264522336272,0.9999999999999998,1.0000000000000007,197,1,36,36,0.06791813254226858,23.839264522336272,0.12889665721813567,9.416284729558217e-12,0.0006082740885283462,0.05736997068637444,1.8440363494407353e-17,0.9999999999999879,1.1838620750489488,1.0,48,48,0.06791813254226858,23.839264522336272,0.12889665721813567,7.43267617253304e-15,3.24672689345054e-05,0.05736997068637444,1.8440363494407353e-17,1.0,1.1838620750489488,1.0,0.16670550001435913
352,197,348,153.98929451181093,-0.010449447543990157,0.060657828396128266,0.061551304614189506,21.666059224194704,2.964296775167217e-17,0.07286347918218668,25.64794467212971,0.9999999999999998,1.0000000000000007,197,1,36,36,0.07286347918218668,25.64794467212971,0.13773244227426287,1.0731168858726386e-11,0.0006056838532829842,0.06155130461418954,2.964296775167217e-17,0.9999999999999888,1.1837844809123568,1.0,48,48,0.07286347918218668,25.64794467212971,0.13773244227426287,8.659329636026954e-15,3.228305785123967e-05,0.06155130461418954,2.964296775167217e-17,1.0,1.1837844809123568,1.0,0.17193810001481324
353,198,349,154.62602169201577,-0.010896947997706009,0.05724913644831998,0.05827698602143961,20.571776065568184,2.7097246932071044e-17,0.06898928099918779,24.35321619271329,0.9999999999999998,1.0000000000000007,198,1,36,36,0.06898928099918779,24.35321619271329,0.1308193426226741,9.571703963691048e-12,0.0006031119494757501,0.05827698602143964,2.7097246932071044e-17,0.9999999999999881,1.1838169011315585,1.0,48,48,0.06898928099918779,24.35321619271329,0.1308193426226741,7.50577137511817e-15,3.2100410082738804e-05,0.05827698602143964,2.7097246932071044e-17,0.9999999999999999,1.1838169011315585,1.0,0.16536579999956302
354,199,350,155.26248458679905,-0.011309195647035907,0.053867785579977734,0.05504213140380188,19.484914516945867,3.3682237275240583e-17,0.06516144701692317,23.0671522439908,0.9999999999999998,0.9999999999999999,199,1,36,36,0.06516144701692317,23.0671522439908,0.12394774101247352,8.520336237480252e-12,0.0006005581959917897,0.05504213140380191,3.3682237275240583e-17,0.9999999999999871,1.1838467253181681,1.0,48,48,0.06516144701692317,23.0671522439908,0.12394774101247352,6.494295513101642e-15,3.191930798940279e-05,0.05504213140380191,3.3682237275240583e-17,0.9999999999999999,1.1838467253181681,1.0,0.1788249000092037
355,199,351,155.4562064560782,-0.010669237286364564,0.05820634681645474,0.05917610526209175,21.00751736804257,3.029564307160424e-17,0.07005102228155304,24.86811290995133,0.9999999999999998,1.0,199,1,36,36,0.07005102228155304,24.86811290995133,0.1327221728370157,9.72593463218131e-12,0.000598022414010451,0.059176105262091785,3.029564307160424e-17,0.999999999999988,1.1837720980672204,1.0,48,48,0.07005102228155304,24.86811290995133,0.1327221728370157,7.577266749131143e-15,3.1739734179726246e-05,0.059176105262091785,3.029564307160424e-17,1.0,1.1837720980672204,1.0,0.16738179998355918
356,200,352,156.09275085521045,-0.011090361766240342,0.05483989369301055,0.05595006759930487,19.918224065352533,1.962615573354719e-17,0.06623383001511657,23.579243485381497,0.9999999999999998,0.9999999999999996,200,1,36,36,0.06623383001511657,23.579243485381497,0.12588076813597393,8.66986444854251e-12,0.0005955044269698651,0.05595006759930488,1.962615573354719e-17,0.9999999999999873,1.1838025020713194,1.0,48,48,0.06623383001511657,23.579243485381497,0.12588076813597393,6.566872701955446e-15,3.156167150612296e-05,0.05595006759930488,1.962615573354719e-17,1.0,1.1838025020713194,1.0,0.19580000001587905
357,200,353,156.28637564881944,-0.010440966617566303,0.05915295384550938,0.060067343311970244,21.44404156237338,2.9079264368403834e-17,0.0711033758360502,25.38390517346992,0.9999999999999998,0.9999999999999994,200,1,36,36,0.0711033758360502,25.38390517346992,0.13460526675249937,9.878973678809164e-12,0.0005930040605321716,0.06006734331197028,2.9079264368403834e-17,0.9999999999999881,1.1837276615808092,1.0,48,48,0.0711033758360502,25.38390517346992,0.13460526675249937,7.647197250209229e-15,3.138510306083218e-05,0.06006734331197028,2.9079264368403834e-17,1.0,1.1837276615808092,1.0,0.17965030000777915
358,201,354,156.92300076939796,-0.010870404202473701,0.05580140966522548,0.05685035627110421,20.35242754505531,2.9079264368403834e-17,0.06729709999687387,24.092361798880848,0.9999999999999998,0.9999999999999999,201,1,36,36,0.06729709999687387,24.092361798880848,0.12779436860840612,8.818381347369302e-12,0.0005905211425493743,0.05685035627110424,2.9079264368403834e-17,0.9999999999999871,1.1837586325044636,1.0,48,48,0.06729709999687387,24.092361798880848,0.12779436860840612,6.63802399464923e-15,3.121001217190475e-05,0.05685035627110424,2.9079264368403834e-17,1.0,1.1837586325044636,1.0,0.17334360000677407
359,202,355,157.55936620819998,-0.01126515916573652,0.05247666500839097,0.05367219188213075,19.26831688568494,3.622208959480119e-17,0.06353644839185209,22.809584972674898,0.9999999999999998,1.0,202,1,36,36,0.06353644839185209,22.809584972674898,0.12102513100595479,7.85539140840183e-12,0.0005880555030298156,0.05367219188213079,3.622208959480119e-17,0.9999999999999865,1.1837871002433473,1.0,48,48,0.06353644839185209,22.809584972674898,0.12102513100595479,5.751401094777545e-15,3.1036382399267544e-05,0.05367219188213079,3.622208959480119e-17,1.0,1.1837871002433473,1.0,0.18119419997674413
360,202,356,157.7532346208782,-0.01064954391379686,0.05675245248449331,0.05774299653270999,20.7874787517756,3.5381555418772973e-17,0.06835125764705632,24.606452752940278,0.9999999999999998,1.0,202,1,36,36,0.06835125764705632,24.606452752940278,0.1296886262382026,8.96587931221193e-12,0.0005856069741052555,0.05774299653271003,3.5381555418772973e-17,0.9999999999999873,1.1837151126775525,1.0,48,48,0.06835125764705632,24.606452752940278,0.1296886262382026,6.707776244883401e-15,3.08641975308642e-05,0.05774299653271003,3.5381555418772973e-17,1.0,1.1837151126775525,1.0,0.1800027000135742
361,203,357,158.38968079261795,-0.011053274803205919,0.05344198570750877,0.054573076880791306,19.700880753965663,1.6365348541700844e-17,0.06460056055990177,23.32080236212454,0.9999999999999998,0.9999999999999998,203,1,36,36,0.06460056055990177,23.32080236212454,0.12294817812537168,7.998088869741851e-12,0.000583175389998542,0.05457307688079132,1.6365348541700844e-17,0.9999999999999863,1.1837441510035134,1.0,48,48,0.06460056055990177,23.32080236212454,0.12294817812537168,5.821292203204614e-15,3.0693441578870636e-05,0.05457307688079132,1.6365348541700844e-17,0.9999999999999998,1.1837441510035134,1.0,0.1800914999912493
362,203,358,158.5834526946953,-0.010427980743115982,0.05769314643867987,0.058627996114260617,21.223334593362342,3.029564307160424e-17,0.06939631382354215,25.12146560412226,0.9999999999999998,0.9999999999999997,203,1,36,36,0.06939631382354215,25.12146560412226,0.13156364209855267,9.112352261512372e-12,0.0005807605869918638,0.058627996114260644,3.029564307160424e-17,0.9999999999999875,1.1836719387149965,1.0,48,48,0.06939631382354215,25.12146560412226,0.13156364209855267,6.776156440763064e-15,3.0524098775983637e-05,0.058627996114260644,3.029564307160424e-17,1.0,1.1836719387149965,1.0,0.17710140001145191
363,204,359,159.21997883574426,-0.010840116209005903,0.05439698320746886,0.055466565618383125,20.134363319473074,2.964296775167217e-17,0.06565585887620168,23.833076772061208,0.9999999999999998,0.9999999999999992,204,1,36,36,0.06565585887620168,23.833076772061208,0.12485232630588276,8.139928655514333e-12,0.000578362403395568,0.05546656561838316,2.964296775167217e-17,0.9999999999999866,1.1837015352261426,1.0,48,48,0.06565585887620168,23.833076772061208,0.12485232630588276,5.889946038417568e-15,3.0356153571780918e-05,0.05546656561838316,2.964296775167217e-17,1.0,1.1837015352261426,1.0,0.18121000000974163
364,204,360,159.413655269601,-0.010205896206039101,0.058623618107393874,0.05950536881130981,21.65995424731677,3.5381555418772973e-17,0.07043228653529902,25.637352298848846,0.9999999999999998,0.9999999999999992,204,1,36,36,0.07043228653529902,25.637352298848846,0.13341952879454755,9.257795243473533e-12,0.0005759806795175375,0.05950536881130984,3.5381555418772973e-17,0.9999999999999875,1.1836291067893088,1.0,48,48,0.07043228653529902,25.637352298848846,0.13341952879454755,6.84319140524645e-15,3.0189590629151068e-05,0.05950536881130984,3.5381555418772973e-17,1.0,1.1836291067893088,1.0,0.18033450000802986
365,205,361,160.05026062700233,-0.010625909802731539,0.05534176668024835,0.0563526494357349,20.568717044043236,3.576224061345498e-17,0.06670233472917791,24.34635217614994,0.9999999999999998,0.9999999999999999,205,1,36,36,0.06670233472917791,24.34635217614994,0.12673763995866535,8.280900661065052e-12,0.0005736152576331109,0.05635264943573494,3.576224061345498e-17,0.9999999999999866,1.1836592493356661,1.0,48,48,0.06670233472917791,24.34635217614994,0.12673763995866535,5.957382650407315e-15,3.0024394820791894e-05,0.05635264943573494,3.576224061345498e-17,0.9999999999999999,1.1836592493356661,1.0,0.22984169999836013
366,206,362,160.68661150609495,-0.011012955947912434,0.05208557569294366,0.05323713360029843,19.484790897709225,2.1942709178604383e-17,0.06301610253953666,23.063893529470416,0.9999999999999998,0.9999999999999991,206,1,36,36,0.06301610253953666,23.063893529470416,0.12009558807925931,7.392000209546859e-12,0.0005712659819555373,0.05323713360029845,2.1942709178604383e-17,0.9999999999999858,1.1836869921032602,1.0,48,48,0.06301610253953666,23.063893529470416,0.12009558807925931,5.176759359332126e-15,2.986055122577563e-05,0.05323713360029845,2.1942709178604383e-17,1.0,1.1836869921032602,1.0,0.24344059999566525
367,206,363,160.88052644949363,-0.010410861993234183,0.05627645129909637,0.05723132899262198,21.003897740292267,4.220764384040162e-17,0.0677399905158182,24.860576519305276,0.9999999999999998,0.999999999999999,206,1,36,36,0.0677399905158182,24.860576519305276,0.1286042025012266,8.42099636353891e-12,0.0005689326986069543,0.057231328992622024,4.220764384040162e-17,0.9999999999999865,1.183617289833527,1.0,48,48,0.0677399905158182,24.860576519305276,0.1286042025012266,6.0236224559659596e-15,2.969804512617957e-05,0.057231328992622024,4.220764384040162e-17,1.0,1.183617289833527,1.0,0.2727002000028733
368,207,364,161.5169565541499,-0.010806404806849064,0.05303398482136206,0.054123764936319346,19.91754549656552,3.622208959480119e-17,0.06406335524933912,23.575314731756798,0.9999999999999998,0.9999999999999992,207,1,36,36,0.06406335524933912,23.575314731756798,0.12198995759346999,7.527413888254806e-12,0.0005666152555898771,0.05412376493631939,3.622208959480119e-17,0.9999999999999859,1.183645582023247,1.0,48,48,0.06406335524933912,23.575314731756798,0.12198995759346999,5.24257404709264e-15,2.953686200378072e-05,0.05412376493631939,3.622208959480119e-17,1.0,1.183645582023247,1.0,0.23888179997447878
369,207,365,161.71077658016597,-0.01019515944801465,0.05720115522127473,0.05810261125645566,21.43986355363214,4.252726876253798e-17,0.06876883607351195,25.37570051112591,0.9999999999999998,0.9999999999999991,207,1,36,36,0.06876883607351195,25.37570051112591,0.13045210956524458,8.560208370435175e-12,0.0005643135027591908,0.0581026112564557,4.252726876253798e-17,0.9999999999999868,1.1835756532520934,1.0,48,48,0.06876883607351195,25.37570051112591,0.13045210956524458,6.088685912145186e-15,2.9376987536813037e-05,0.0581026112564557,4.252726876253798e-17,1.0,1.1835756532520934,1.0,0.19655359999160282
370,208,366,162.347285175623,-0.010598666033128144,0.05397243420230507,0.05500323059061108,20.3511953185261,3.5381555418772973e-17,0.06510207031640497,24.08776601706984,0.9999999999999998,0.9999999999999999,208,1,36,36,0.06510207031640497,24.08776601706984,0.12386599636884929,7.66209427249449e-12,0.0005620272917946339,0.05500323059061111,3.5381555418772973e-17,0.9999999999999859,1.183604483179534,1.0,48,48,0.06510207031640497,24.08776601706984,0.12386599636884929,5.307334511772309e-15,2.9218407596785974e-05,0.05500323059061111,3.5381555418772973e-17,1.0,1.183604483179534,1.0,0.19529800000600517
371,209,367,162.9835435675929,-0.010969692591989034,0.05076888801745154,0.05194048657926949,19.26992052090898,2.823925224926892e-17,0.06147836986894026,22.808475221376835,0.9999999999999998,0.9999999999999998,209,1,36,36,0.06147836986894026,22.808475221376835,0.11731988727101733,6.84388213530525e-12,0.0005597564761737629,0.051940486579269515,2.823925224926892e-17,0.999999999999985,1.1836309961231195,1.0,48,48,0.06147836986894026,22.808475221376835,0.11731988727101733,4.617522509025931e-15,2.9061108245362938e-05,0.051940486579269515,2.823925224926892e-17,1.0,1.1836309961231195,1.0,0.20063659999868833
372,209,368,163.1775976515409,-0.010389951720105536,0.05490102878663333,0.05587552289309574,20.785694516231615,2.823925224926892e-17,0.06613224018966138,24.601193350554034,0.9999999999999998,0.9999999999999998,209,1,36,36,0.06613224018966138,24.601193350554034,0.12572376727273413,7.796030689957553e-12,0.0005575009111453899,0.05587552289309577,2.823925224926892e-17,0.9999999999999858,1.1835636923915571,1.0,48,48,0.06613224018966138,24.601193350554034,0.12572376727273413,5.3710556453105005e-15,2.8905075731298415e-05,0.05587552289309577,2.823925224926892e-17,1.0,1.1835636923915571,1.0,0.20298529998399317
373,210,369,163.81393453396544,-0.010769568517773411,0.051710650052589846,0.052820213317634625,19.701939567477716,2.8609792490763984e-17,0.0625175156828213,23.319033349692344,0.9999999999999998,0.9999999999999988,210,1,36,36,0.0625175156828213,23.319033349692344,0.11920418036728368,6.973135349428885e-12,0.0005552604537034828,0.05282021331763465,2.8609792490763984e-17,0.9999999999999851,1.1835907459682506,1.0,48,48,0.0625175156828213,23.319033349692344,0.11920418036728368,4.6803089706514e-15,2.8750296487432527e-05,0.05282021331763465,2.8609792490763984e-17,1.0,1.1835907459682506,1.0,0.218383300001733
374,210,370,164.0078942569156,-0.010180453675058238,0.05581987851746344,0.05674064217766999,21.221000174448577,3.5381555418772973e-17,0.06715386677007244,25.115546172007093,0.9999999999999998,0.9999999999999987,210,1,36,36,0.06715386677007244,25.115546172007093,0.12756334934579175,7.929213797525669e-12,0.0005530349625615178,0.056740642177670025,3.5381555418772973e-17,0.9999999999999861,1.1835232065191628,1.0,48,48,0.06715386677007244,25.115546172007093,0.12756334934579175,5.433752678219286e-15,2.8596757127741712e-05,0.056740642177670025,3.5381555418772973e-17,1.0000000000000002,1.1835232065191628,1.0,0.21579590000328608
375,211,371,164.6443089126122,-0.010568120078067428,0.05264270086500003,0.05369300807690259,20.13487802883847,2.8609792490763984e-17,0.06354840209897043,23.830650787113914,0.9999999999999998,0.9999999999999997,211,1,36,36,0.06354840209897043,23.830650787113914,0.12107063875620293,7.101774604015784e-12,0.0005508242981272771,0.05369300807690262,2.8609792490763984e-17,0.999999999999985,1.1835507894799322,1.0,48,48,0.06354840209897043,23.830650787113914,0.12107063875620293,4.742186139595893e-15,2.8444444444444444e-05,0.05369300807690262,2.8609792490763984e-17,1.0,1.1835507894799322,1.0,0.2124840999895241
376,211,372,164.8381752609027,-0.009970346458395472,0.05672909585578366,0.05759859481892878,21.65707165191722,4.220764384040162e-17,0.06816695908559073,25.630776616182114,0.9999999999999998,0.9999999999999997,211,1,36,36,0.06816695908559073,25.630776616182114,0.1293848333764938,8.061635300460448e-12,0.0005486283224780816,0.05759859481892883,4.220764384040162e-17,0.999999999999986,1.1834830224571526,1.0,48,48,0.06816695908559073,25.630776616182114,0.1293848333764938,5.495440984094352e-15,2.8293345405160706e-05,0.05759859481892883,4.220764384040162e-17,1.0,1.1834830224571526,1.0,0.21037959997192957
377,212,373,165.47466698236974,-0.010365564268238096,0.05356513632911955,0.054558855858202686,20.568688658542413,2.964296775167217e-17,0.06457101280836447,24.343271828753405,0.9999999999999998,0.9999999999999979,212,1,36,36,0.06457101280836447,24.343271828753405,0.122919306951193,7.229787631493793e-12,0.0005464468993364507,0.054558855858202714,2.964296775167217e-17,0.9999999999999852,1.183511123770322,1.0,48,48,0.06457101280836447,24.343271828753405,0.122919306951193,4.803164490123753e-15,2.8143447150124183e-05,0.054558855858202714,2.964296775167217e-17,1.0,1.183511123770322,1.0,0.21313609997741878
378,213,374,166.11091333515458,-0.010729876332383967,0.050425306315012415,0.05155426037750018,19.487510422695067,4.252726876253798e-17,0.06101637467963047,23.064189628900316,0.9999999999999998,1.0000000000000002,213,1,36,36,0.06101637467963047,23.064189628900316,0.11649205441108376,6.470429743579614e-12,0.0005442798940461796,0.051554260377500216,4.252726876253798e-17,0.9999999999999842,1.1835370002953207,1.0,48,48,0.06101637467963047,23.064189628900316,0.11649205441108376,4.1902591185853655e-15,2.7994736989445986e-05,0.051554260377500216,4.252726876253798e-17,1.0,1.1835370002953207,1.0,0.21379170002182946
379,213,375,166.30500901619877,-0.010162098836562364,0.05447805847890146,0.05541775084207829,21.00332756914767,4.336808689942018e-17,0.06558534234911398,24.8568447503142,0.9999999999999998,1.0000000000000002,213,1,36,36,0.06558534234911398,24.8568447503142,0.1247502484317615,7.357163589442025e-12,0.0005421271735488275,0.05541775084207834,4.336808689942018e-17,0.9999999999999852,1.183471746011668,1.0,48,48,0.06558534234911398,24.8568447503142,0.1247502484317615,4.863255013281841e-15,2.7847202400428848e-05,0.05541775084207834,4.336808689942018e-17,1.0,1.183471746011668,1.0,0.21653970002080314
380,214,376,166.94133243296838,-0.01053454681228471,0.051350907838699285,0.052420343497527805,19.919730529060566,3.029564307160424e-17,0.062039379214177,23.57496410138726,0.9999999999999998,0.999999999999999,214,1,36,36,0.062039379214177,23.57496410138726,0.11834865908954843,6.593287215781995e-12,0.0005399886063606074,0.05242034349752783,3.029564307160424e-17,0.9999999999999842,1.183498143561437,1.0,48,48,0.062039379214177,23.57496410138726,0.11834865908954843,4.249156793245804e-15,2.7700831024930747e-05,0.05242034349752783,3.029564307160424e-17,1.0,1.183498143561437,1.0,0.22286810001241975
381,214,377,167.13533528133297,-0.009957903097419958,0.05538157224820722,0.05626969325294925,21.438753129373662,4.3885418357208765e-17,0.06659139239211895,25.371320501397317,0.9999999999999998,0.9999999999999989,214,1,36,36,0.06659139239211895,25.371320501397317,0.12656353855661498,7.483892638610296e-12,0.0005378640625496693,0.056269693252949296,4.3885418357208765e-17,0.9999999999999852,1.1834326533960395,1.0,48,48,0.06659139239211895,25.371320501397317,0.12656353855661498,4.922468928153441e-15,2.755561066677689e-05,0.056269693252949296,4.3885418357208765e-17,1.0,1.1834326533960395,1.0,0.21788609999930486
382,215,378,167.7717350712103,-0.010337982257069249,0.0522671297140553,0.05327970275530224,20.35284645252546,3.804545602077247e-17,0.06305437365198271,24.086770735057396,0.9999999999999998,0.9999999999999998,215,1,36,36,0.06305437365198271,24.086770735057396,0.120187948254681,6.7156232663452455e-12,0.0005357534137137705,0.05327970275530228,3.804545602077247e-17,0.9999999999999843,1.183459561356275,1.0,48,48,0.06305437365198271,24.086770735057396,0.120187948254681,4.3072804021707235e-15,2.7411529289219047e-05,0.05327970275530228,3.804545602077247e-17,1.0,1.183459561356275,1.0,0.22412509997957386
383,216,379,168.40789347226547,-0.010687572166391282,0.04917638020194922,0.050324353632992494,19.274227441436125,2.7097246932071044e-17,0.05955808337134005,22.810745931223238,0.9999999999999998,1.0000000000000013,216,1,36,36,0.05955808337134005,22.810745931223238,0.11385080322518301,6.013516304431241e-12,0.0005336565329583248,0.05032435363299252,2.7097246932071044e-17,0.9999999999999833,1.1834843186598616,1.0,48,48,0.05955808337134005,22.810745931223238,0.11385080322518301,3.7617242931066565e-15,2.7268575012441288e-05,0.05032435363299252,2.7097246932071044e-17,1.0,1.1834843186598616,1.0,0.22715239998069592
384,216,380,168.6021215206863,-0.01014038618794482,0.053174064746020856,0.054132324849896114,20.78681274236011,3.3682237275240583e-17,0.06406134359989143,24.59955594235831,0.9999999999999998,1.0000000000000013,216,1,36,36,0.06406134359989143,24.59955594235831,0.12200996678591983,6.837425694974591e-12,0.0005315732948748216,0.05413232484989614,3.3682237275240583e-17,0.9999999999999843,1.1834212511198727,1.0,48,48,0.06406134359989143,24.59955594235831,0.12200996678591983,4.364637365533705e-15,2.712673611111111e-05,0.05413232484989614,3.3682237275240583e-17,1.0,1.1834212511198727,1.0,0.26432250000652857
385,217,381,169.2383562848565,-0.01049820090918385,0.05009549222109463,0.05118369430984189,19.70572230928913,3.029564307160424e-17,0.06057316496851346,23.320668512877685,0.9999999999999998,1.000000000000001,217,1,36,36,0.06057316496851346,23.320668512877685,0.11569730847198673,6.1308541427012485e-12,0.000529503575519611,0.05118369430984192,3.029564307160424e-17,0.9999999999999837,1.1834465211094798,1.0,48,48,0.06057316496851346,23.320668512877685,0.11569730847198673,3.817625387658211e-15,2.6986001011975038e-05,0.05118369430984192,3.029564307160424e-17,1.0,1.1834465211094798,1.0,0.28392029998940416
386,217,382,169.432492046606,-0.009941942742842672,0.05407181037112209,0.05497820388401706,21.221586699230585,3.273069708340169e-17,0.06506028340961445,25.11326939611118,0.9999999999999998,1.000000000000001,217,1,36,36,0.06506028340961445,25.11326939611118,0.12381477463383773,6.958683432929851e-12,0.0005274472523930441,0.05497820388401709,3.273069708340169e-17,0.9999999999999843,1.1833832103148862,1.0,48,48,0.06506028340961445,25.11326939611118,0.12381477463383773,4.421235504146022e-15,2.684635829149776e-05,0.05497820388401709,3.273069708340169e-17,1.0,1.1833832103148862,1.0,0.2473355999973137
387,218,383,170.0688024990907,-0.010307469950444929,0.05100545477945793,0.05203652903527149,20.13813673665007,3.1031676915590914e-17,0.06158049589214586,23.831651910260447,0.9999999999999998,1.0,218,1,36,36,0.06158049589214586,23.831651910260447,0.11752696521115863,6.247763529720765e-12,0.0005254042044189653,0.05203652903527152,3.1031676915590914e-17,0.9999999999999836,1.18340898276296,1.0,48,48,0.06158049589214586,23.831651910260447,0.11752696521115863,3.872862522514625e-15,2.6707796673543924e-05,0.05203652903527152,3.1031676915590914e-17,1.0,1.18340898276296,1.0,0.2812112999963574
388,218,384,170.26284690872447,-0.0097428198265273,0.05496046670422131,0.05581733994484145,21.657127898598482,1.8440363494407353e-17,0.0660511944973517,25.627863464972457,0.9999999999999998,1.0,218,1,36,36,0.0660511944973517,25.627863464972457,0.1256024436094929,7.0793863624341524e-12,0.0005233743119245459,0.05581733994484146,1.8440363494407353e-17,0.9999999999999846,1.1833454364293123,1.0,48,48,0.0660511944973517,25.627863464972457,0.1256024436094929,4.477082918913807e-15,2.6570305027101713e-05,0.05581733994484146,1.8440363494407353e-17,1.0,1.1833454364293123,1.0,0.2594435000210069
389,219,385,170.89923238353168,-0.010115587372744103,0.05190635209297002,0.05288283743801001,20.571423763385894,3.273069708340169e-17,0.06258005330834325,24.343640736945524,0.9999999999999998,1.0000000000000007,219,1,36,36,0.06258005330834325,24.343640736945524,0.11933980060634529,6.364231238554395e-12,0.0005213574566204564,0.05288283743801004,3.273069708340169e-17,0.9999999999999837,1.1833717012953484,1.0,48,48,0.06258005330834325,24.343640736945524,0.11933980060634529,3.927440251885126e-15,2.643387236404729e-05,0.05288283743801004,3.273069708340169e-17,1.0000000000000002,1.1833717012953484,1.0,0.2601612000144087
390,220,386,171.53538097328962,-0.010459316249463377,0.04887496863731339,0.04998159516966876,19.492822116170817,2.2215299868541707e-17,0.059148014701528605,23.067725733596156,0.9999999999999998,0.9999999999999993,220,1,36,36,0.059148014701528605,23.067725733596156,0.11311395978136883,5.709442388465285e-12,0.0005193535215813675,0.04998159516966878,2.2215299868541707e-17,0.9999999999999828,1.1833958980449362,1.0,48,48,0.059148014701528605,23.067725733596156,0.11311395978136883,3.4387275972925475e-15,2.6298487836949376e-05,0.04998159516966878,2.2215299868541707e-17,1.0,1.1833958980449362,1.0,0.23399649999919347
391,220,387,171.72964620127365,-0.0099227425905465,0.05279827455289892,0.05372260805546897,21.005539749688367,1.8683543625880677e-17,0.06357182491260513,24.856583540828606,0.9999999999999998,0.9999999999999993,220,1,36,36,0.06357182491260513,24.856583540828606,0.12113586041840892,6.4802453005304765e-12,0.0005173623912267761,0.053722608055468975,1.8683543625880677e-17,0.9999999999999836,1.1833346744254631,1.0,48,48,0.06357182491260513,24.856583540828606,0.12113586041840892,3.981363672825452e-15,2.6164140736913025e-05,0.053722608055468975,1.8683543625880677e-17,1.0,1.1833346744254631,1.0,0.22180289999232627
392,221,388,172.36586980258073,-0.010274265641649735,0.049778635949412155,0.0508278775029933,19.924527981173373,2.5018537765542006e-17,0.06014764488115484,23.577876793412695,0.9999999999999998,0.999999999999999,221,1,36,36,0.06014764488115484,23.577876793412695,0.11493375396421186,5.821175048376183e-12,0.0005153839513021484,0.05082787750299332,2.5018537765542006e-17,0.9999999999999826,1.1833593656869241,1.0,48,48,0.06014764488115484,23.577876793412695,0.11493375396421186,3.4911034918743047e-15,2.6030820491461892e-05,0.05082787750299332,2.5018537765542006e-17,1.0,1.1833593656869241,1.0,0.31940880001639016
393,221,389,172.56004421007864,-0.009729107818935738,0.053681315508069274,0.05455583537651454,21.440443302970213,3.1031676915590914e-17,0.06455580542755399,25.370431533028718,0.9999999999999998,0.999999999999999,221,1,36,36,0.06455580542755399,25.370431533028718,0.12291520230689229,6.595794646426213e-12,0.0005134180888603749,0.054555835376514566,3.1031676915590914e-17,0.9999999999999839,1.1832978998859631,1.0,48,48,0.06455580542755399,25.370431533028718,0.12291520230689229,4.0346381940987524e-15,2.589851666245816e-05,0.054555835376514566,3.1031676915590914e-17,1.0,1.1832978998859631,1.0,0.2815728999848943
394,222,390,173.19634217216915,-0.010087946134879781,0.050673456628471156,0.05166784168027327,20.357129622027667,2.7097246932071044e-17,0.06113974934691701,24.0890612426853,0.9999999999999998,0.9999999999999993,222,1,36,36,0.06113974934691701,24.0890612426853,0.11673717381904757,5.932547922963298e-12,0.0005114646922435314,0.05166784168027329,2.7097246932071044e-17,0.9999999999999828,1.183323075991001,1.0,48,48,0.06113974934691701,24.0890612426853,0.11673717381904757,3.542914688158585e-15,2.5767218944059367e-05,0.05166784168027329,2.7097246932071044e-17,1.0,1.183323075991001,1.0,0.24071620000177063
395,223,391,173.83240696349313,-0.010418101277633308,0.04768793553602232,0.04881266259812965,19.281001726261213,1.3985787785349405e-17,0.05776228126759901,22.81610110070161,0.9999999999999998,0.9999999999999994,223,1,36,36,0.05776228126759901,22.81610110070161,0.1105961224271082,5.324656755542515e-12,0.0005095236510649394,0.04881266259812964,1.3985787785349405e-17,0.9999999999999819,1.1833462506061343,1.0,48,48,0.05776228126759901,22.81610110070161,0.1105961224271082,3.1050362160970175e-15,2.5636917160711425e-05,0.04881266259812964,1.3985787785349405e-17,1.0,1.1833462506061343,1.0,0.3072550999931991
396,223,392,174.02679834295546,-0.009900552949232734,0.051559512925172905,0.05250146971068175,20.790582005429975,2.7097246932071044e-17,0.06212430800210234,24.601225968832527,0.9999999999999998,0.9999999999999996,223,1,37,37,0.06212430800210234,24.601225968832527,0.11852424870855317,2.8254536956710455e-12,0.0005075948561915212,0.05250146971068177,2.7097246932071044e-17,0.999999999999994,1.1832870269051299,1.0,49,49,0.06212430800210234,24.601225968832527,0.11852424870855317,3.5941640076043415e-15,2.5507601265177022e-05,0.05250146971068177,2.7097246932071044e-17,1.0,1.1832870269051299,1.0,0.28319570000167005
397,224,393,174.66293747721414,-0.01023858701238502,0.04858528200858813,0.04965237448364596,19.711992670007447,1.5515838457795457e-17,0.05875418541789048,23.32541161090252,0.9999999999999998,0.9999999999999999,224,1,37,37,0.05875418541789048,23.32541161090252,0.11240585091816806,2.5346351198986715e-12,0.0005056781997264439,0.04965237448364598,1.5515838457795457e-17,0.9999999999999938,1.1833106881372286,1.0,49,49,0.05875418541789048,23.32541161090252,0.11240585091816806,3.154615896003937e-15,2.5379261336598797e-05,0.04965237448364598,1.5515838457795457e-17,1.0,1.1833106881372286,1.0,0.2487805999990087
398,224,394,174.85723857062766,-0.00971226287400656,0.05243689135755947,0.053328750457687465,21.22484268215961,1.734723475976807e-17,0.06310130884746969,25.114320921292936,0.9999999999999998,0.9999999999999999,224,1,37,37,0.06310130884746969,25.114320921292936,0.12029502204579269,2.876591858332794e-12,0.0005037735749920457,0.05332875045768748,1.734723475976807e-17,0.9999999999999942,1.1832512163872289,1.0,49,49,0.06310130884746969,25.114320921292936,0.12029502204579269,3.644854667548637e-15,2.52518875785965e-05,0.05332875045768748,1.734723475976807e-17,1.0,1.1832512163872289,1.0,0.28247830001055263
399,225,395,175.49345141179253,-0.010057689592760193,0.04947399561346443,0.05048597193186851,20.143902800815535,2.2215299868541707e-17,0.05973880635595053,23.83578373602426,0.9999999999999998,0.9999999999999982,225,1,37,37,0.05973880635595053,23.83578373602426,0.11419964557044013,2.5838518138340763e-12,0.0005018808765130415,0.050485971931868524,2.2215299868541707e-17,0.9999999999999939,1.1832753549157942,1.0,49,49,0.05973880635595053,23.83578373602426,0.11419964557044013,3.203714153781167e-15,2.5125470317397502e-05,0.050485971931868524,2.2215299868541707e-17,1.0,1.1832753549157942,1.0,0.28482859997893684
400,225,396,175.68766310578832,-0.009523237425559938,0.053305681267640834,0.05414967872915683,21.659871491662734,2.0888836804026048e-17,0.06407074690404452,25.628298761617806,0.9999999999999998,0.9999999999999983,225,1,37,37,0.06407074690404452,25.628298761617806,0.12204954922481197,2.927530577914103e-12,0.0005,0.05414967872915685,2.0888836804026048e-17,0.9999999999999941,1.1832156424142495,1.0,49,49,0.06407074690404452,25.628298761617806,0.12204954922481197,3.6949902147853924e-15,2.5e-05,0.05414967872915685,2.0888836804026048e-17,1.0,1.1832156424142495,1.0,0.24369959998875856
401,226,397,176.32394902586717,-0.009875608709890139,0.05035415039998788,0.05131343011235419,20.57668547505403,2.5018537765542006e-17,0.06071611582731916,24.347162446754982,0.9999999999999998,0.9999999999999973,226,1,37,37,0.06071611582731916,24.347162446754982,0.1159775186131688,2.632914560930202e-12,0.0004981308423330896,0.051313430112354216,2.5018537765542006e-17,0.9999999999999938,1.183240249080546,1.0,49,49,0.06071611582731916,24.347162446754982,0.1159775186131688,3.252331955733288e-15,2.4875467192368208e-05,0.051313430112354216,2.5018537765542006e-17,1.0,1.183240249080546,1.0,0.2339491999882739
402,227,398,176.96000598062196,-0.010200638008857114,0.04742407027822431,0.04850871527407934,19.500503540179896,1.2509268882771003e-17,0.05739856448996239,23.07422292496488,0.9999999999999998,0.9999999999999999,227,1,37,37,0.05739856448996239,23.07422292496488,0.10994090379522971,2.3630271976009406e-12,0.000496273301546086,0.04850871527407936,1.2509268882771003e-17,0.9999999999999936,1.1832629284377965,1.0,49,49,0.05739856448996239,23.07422292496488,0.10994090379522971,2.8571790277549577e-15,2.475186257765897e-05,0.04850871527407936,1.2509268882771003e-17,1.0,1.1832629284377965,1.0,0.23171540000475943
403,227,399,177.15443057298282,-0.009692525913681901,0.05122582642316485,0.05213473267720484,21.01029726891355,2.5018537765542006e-17,0.06168609560456264,24.859496528638743,0.9999999999999998,0.9999999999999999,227,1,37,37,0.06168609560456264,24.859496528638743,0.11773950012317663,2.6818178962067924e-12,0.0004944272768106381,0.05213473267720486,2.5018537765542006e-17,0.9999999999999938,1.1832053687988697,1.0,49,49,0.06168609560456264,24.859496528638743,0.11773950012317663,3.300470774303539e-15,2.4629176954479123e-05,0.05213473267720486,2.5018537765542006e-17,1.0,1.1832053687988697,1.0,0.2477175000240095
404,228,400,177.79056058853894,-0.010025025960140281,0.04830665271519048,0.04933592851105071,19.93171511846449,1.5515838457795457e-17,0.058375677572358196,23.58377373923271,0.9999999999999998,0.999999999999999,228,1,37,37,0.058375677572358196,23.58377373923271,0.11172487949330352,2.4100494282397606e-12,0.0004925926684207867,0.049335928511050724,1.5515838457795457e-17,0.9999999999999936,1.1832285179204174,1.0,49,49,0.058375677572358196,23.58377373923271,0.11172487949330352,2.903645797855349e-15,2.4507401235173024e-05,0.049335928511050724,1.5515838457795457e-17,1.0,1.1832285179204174,1.0,0.32228480000048876
405,228,401,177.98489630171076,-0.009508606606720277,0.052089106807874354,0.05294986919382811,21.444697023500385,1.962615573354719e-17,0.06264873444747703,25.372737451228197,0.9999999999999998,0.9999999999999991,228,1,37,37,0.06264873444747703,25.372737451228197,0.1194856321956221,2.7305567295751785e-12,0.0004907693777777316,0.052949869193828124,1.962615573354719e-17,0.999999999999994,1.1831707122475654,1.0,49,49,0.06264873444747703,25.372737451228197,0.1194856321956221,3.348132416957065e-15,2.4386526444139614e-05,0.052949869193828124,1.962615573354719e-17,1.0,1.1831707122475654,1.0,0.3956336000119336
406,229,402,178.6210987640551,-0.009848122276843691,0.049180879159128305,0.050157196764217656,20.36382188627237,1.3985787785349405e-17,0.05934571043413292,24.094358436257966,0.9999999999999998,0.9999999999999991,229,1,37,37,0.05934571043413292,24.094358436257966,0.11349335433847423,2.456949311152069e-12,0.0004889573073748425,0.05015719676421766,1.3985787785349405e-17,0.9999999999999933,1.183194322304519,1.0,49,49,0.05934571043413292,24.094358436257966,0.11349335433847423,2.9497037917247867e-15,2.4266543716178503e-05,0.05015719676421766,1.3985787785349405e-17,1.0,1.183194322304519,1.0,0.3467819000070449
407,230,403,179.2570757354007,-0.010160598984642544,0.04629374683159659,0.04739566190522797,19.29003439542778,1.3985787785349405e-17,0.05607930858461919,22.824278593940008,0.9999999999999998,0.9999999999999992,230,1,37,37,0.05607930858461919,22.824278593940008,0.107536670043818,2.2060583735582725e-12,0.0004871563607829088,0.04739566190522798,1.3985787785349405e-17,0.999999999999993,1.1832160651486412,1.0,49,49,0.05607930858461919,22.824278593940008,0.107536670043818,2.59353551605788e-15,2.4147444294864443e-05,0.04739566190522798,1.3985787785349405e-17,0.9999999999999999,1.1832160651486412,1.0,0.3655587999965064
408,230,404,179.451620758511,-0.009670114153570475,0.05004682258991059,0.05097249806600682,20.796779210930783,1.2509268882771003e-17,0.06030863814007199,24.605924361149373,0.9999999999999998,0.9999999999999993,230,1,37,37,0.06030863814007199,24.605924361149373,0.11524634412208339,2.50372114902988e-12,0.00048536644263562465,0.05097249806600683,1.2509268882771003e-17,0.9999999999999936,1.1831603399538186,1.0,49,49,0.06030863814007199,24.605924361149373,0.11524634412208339,2.995353054787582e-15,2.4029219530949635e-05,0.05097249806600683,1.2509268882771003e-17,1.0,1.1831603399538186,1.0,0.26902200002223253
409,231,405,180.08767015240855,-0.00999014265004745,0.04717018358542573,0.04821648234422607,19.720541278788463,1.6365348541700844e-17,0.05704890029562235,23.333000220909543,0.9999999999999998,0.999999999999999,231,1,37,37,0.05704890029562235,23.333000220909543,0.10931065766894557,2.2509945219376086e-12,0.00048358745861530443,0.04821648234422608,1.6365348541700844e-17,0.9999999999999931,1.1831825450960956,1.0,49,49,0.05704890029562235,23.333000220909543,0.10931065766894557,2.6374708421120915e-15,2.3911860880793395e-05,0.04821648234422608,1.6365348541700844e-17,1.0,1.1831825450960956,1.0,0.23153789999196306
410,231,406,180.28212681838522,-0.009491171327343893,0.05090455992140156,0.051781816827498016,21.230544899274186,2.2551405187698492e-17,0.0612644432917826,25.118421749630865,0.9999999999999998,0.9999999999999991,231,1,37,37,0.0612644432917826,25.118421749630865,0.11698387780298058,2.550359621959228e-12,0.0004818193154388242,0.051781816827498044,2.2551405187698492e-17,0.9999999999999937,1.1831265692332558,1.0,49,49,0.0612644432917826,25.118421749630865,0.11698387780298058,3.040593995534397e-15,2.3795359904818562e-05,0.051781816827498044,2.2551405187698492e-17,1.0,1.1831265692332558,1.0,0.2727543000073638
411,232,407,180.91824803436214,-0.009818289331341047,0.04803846321634064,0.049031548553779516,20.151966455603382,6.938893903907228e-18,0.058011638826857344,23.84278355783837,0.9999999999999998,0.9999999999999988,232,1,37,37,0.058011638826857344,23.84278355783837,0.11106956027366498,2.295836356634602e-12,0.000480061920843786,0.04903154855377952,6.938893903907228e-18,0.9999999999999932,1.1831492281592564,1.0,49,49,0.058011638826857344,23.84278355783837,0.11106956027366498,2.681060316466735e-15,2.3679708265994165e-05,0.04903154855377952,6.938893903907228e-18,1.0,1.1831492281592564,1.0,0.23987630000920035
412,233,408,181.5541471317441,-0.010118640639894875,0.0451931257417109,0.046312044898767155,19.080562498292068,1.0408340855860843e-17,0.054795025743389014,22.575550606276273,0.9999999999999998,1.0000000000000002,233,1,37,37,0.054795025743389014,22.575550606276273,0.10519102409460941,2.0622212394308875e-12,0.0004783151835748996,0.046312044898767155,1.0408340855860843e-17,0.9999999999999928,1.1831700773128175,1.0,49,49,0.054795025743389014,22.575550606276273,0.10519102409460941,2.3592267459637353e-15,2.356489772834386e-05,0.046312044898767155,1.0408340855860843e-17,1.0,1.1831700773128175,1.0,0.2566858999780379
413,233,409,181.74880963034605,-0.009645230795916483,0.04889865096177315,0.049840832085628485,20.584263651364566,1.1107649934270853e-17,0.05896749151887504,24.353573997295392,0.9999999999999998,1.0000000000000004,233,1,37,37,0.05896749151887504,24.353573997295392,0.11281337739243631,2.34057796990347e-12,0.0004765790133705791,0.04984083208562849,1.1107649934270853e-17,0.9999999999999932,1.183116112860367,1.0,49,49,0.05896749151887504,24.353573997295392,0.11281337739243631,2.724302795851203e-15,2.34509201554796e-05,0.04984083208562849,1.1107649934270853e-17,0.9999999999999999,1.183116112860367,1.0,0.23577749999822117
414,234,410,182.38478051994338,-0.009953217293427066,0.04606340623470967,0.04712646738759511,19.510357498464373,1.214306433183765e-17,0.05575708689203507,23.08343397330252,0.9999999999999998,1.000000000000001,234,1,37,37,0.05575708689203507,23.08343397330252,0.10695486674481776,2.1051759974533026e-12,0.0004748533209497492,0.04712646738759511,1.214306433183765e-17,0.9999999999999928,1.183137416888408,1.0,49,49,0.05575708689203507,23.08343397330252,0.10695486674481776,2.400741896398936e-15,2.3337767509160075e-05,0.04712646738759511,1.214306433183765e-17,1.0,1.183137416888408,1.0,0.22085179999703541
415,234,411,182.57935518469327,-0.009471141205036972,0.04975081774095347,0.05064431243110444,21.017389658908343,1.0408340855860843e-17,0.0599164350981847,24.86532056574665,0.9999999999999998,1.0000000000000009,234,1,37,37,0.0599164350981847,24.86532056574665,0.11454212536592873,2.385213884784105e-12,0.00047313801799885876,0.05064431243110444,1.0408340855860843e-17,0.9999999999999932,1.1830831977370386,1.0,49,49,0.0599164350981847,24.86532056574665,0.11454212536592873,2.7671975804542692e-15,2.3225431847873422e-05,0.05064431243110444,1.0408340855860843e-17,1.0,1.1830831977370386,1.0,0.2582206000224687
416,235,412,183.21539727915288,-0.00978629245921479,0.046925724647222056,0.047935322610411085,19.941094205931012,6.938893903907228e-18,0.056712517384706486,23.5924072320379,0.9999999999999998,1.0000000000000004,235,1,37,37,0.056712517384706486,23.5924072320379,0.10870403449472583,2.148061279596746e-12,0.00047143301715909624,0.047935322610411085,6.938893903907228e-18,0.9999999999999929,1.18310494842459,1.0,49,49,0.056712517384706486,23.5924072320379,0.10870403449472583,2.4419663272989852e-15,2.3113905325443786e-05,0.047935322610411085,6.938893903907228e-18,1.0,1.18310494842459,1.0,0.25174750000587665
417,235,413,183.4098849370939,-0.009296179467894492,0.050595037627887265,0.05144197493551964,21.451303548111692,1.3985787785349405e-17,0.06085845320814934,25.377974987798275,0.9999999999999998,1.0000000000000004,235,1,37,37,0.06085845320814934,25.377974987798275,0.11625583259250413,2.429738958504584e-12,0.00046973823201380507,0.051441974935519656,1.3985787785349405e-17,0.9999999999999932,1.183050481332275,1.0,49,49,0.06085845320814934,25.377974987798275,0.11625583259250413,2.809744294666401e-15,2.300318018966122e-05,0.051441974935519656,1.3985787785349405e-17,1.0,1.183050481332275,1.0,0.2558765000139829
418,236,414,184.04599765615723,-0.009618062320430342,0.04778013949433466,0.048738576640047264,20.372725035539755,2.110382192020081e-17,0.057661278026665694,24.10241421514626,0.9999999999999998,0.9999999999999999,236,1,37,37,0.057661278026665694,24.10241421514626,0.11043851286800586,2.190871070376199e-12,0.0004680535770760942,0.048738576640047285,2.110382192020081e-17,0.9999999999999929,1.1830726705975831,1.0,49,49,0.057661278026665694,24.10241421514626,0.11043851286800586,2.482898004429176e-15,2.2893248780934502e-05,0.048738576640047285,2.110382192020081e-17,1.0,1.1830726705975831,1.0,0.25283939999644645
419,237,415,184.68189207668811,-0.009914407764954404,0.04498519481184535,0.04606477215388637,19.30113953247839,9.813077866773595e-18,0.054498914730540055,22.835045272096284,0.9999999999999998,0.9999999999999981,237,1,37,37,0.054498914730540055,22.835045272096284,0.10465548163260414,1.971262219528489e-12,0.00046637896777664104,0.04606477215388639,9.813077866773595e-18,0.9999999999999923,1.1830931139413465,1.0,49,49,0.054498914730540055,22.835045272096284,0.10465548163260414,2.18967045706996e-15,2.2784103530966444e-05,0.04606477215388639,9.813077866773595e-18,1.0,1.1830931139413465,1.0,0.24929470001370646
420,237,416,184.87658189309758,-0.009448706362596178,0.048626715572761894,0.04953620412709122,20.805205733378312,1.6365348541700844e-17,0.05860333976615144,24.613402701783603,0.9999999999999998,0.9999999999999982,237,1,37,37,0.05860333976615144,24.613402701783603,0.11215830574722828,2.2335997898169886e-12,0.00046471432045168247,0.04953620412709124,1.6365348541700844e-17,0.999999999999993,1.1830405821123753,1.0,49,49,0.05860333976615144,24.613402701783603,0.11215830574722828,2.5235353513548178e-15,2.2675736961451248e-05,0.04953620412709124,1.6365348541700844e-17,1.0,1.1830405821123753,1.0,0.2514497000083793
421,238,417,185.5125469088167,-0.009752294341690641,0.04584154582721566,0.046867414786348996,19.731181625052926,2.2551405187698492e-17,0.05544703240074104,23.343200640711977,0.9999999999999998,0.9999999999999984,238,1,37,37,0.05544703240074104,23.343200640711977,0.10639477271774785,2.012288872718138e-12,0.0004630595523311918,0.046867414786349024,2.2551405187698492e-17,0.9999999999999927,1.1830614650606035,1.0,49,49,0.05544703240074104,23.343200640711977,0.10639477271774785,2.228640512923142e-15,2.2568141682793486e-05,0.046867414786349024,2.2551405187698492e-17,1.0,1.1830614650606035,1.0,0.2497297000081744
422,238,418,185.70715022757523,-0.009278387618207571,0.049465521320987166,0.050328185704938175,21.23849436748391,2.1942709178604383e-17,0.05953868062163332,25.12532322232926,0.9999999999999998,0.9999999999999983,238,1,37,37,0.05953868062163332,25.12532322232926,0.11386342945557912,2.276242179014896e-12,0.00046141458152723744,0.050328185704938196,2.1942709178604383e-17,0.999999999999993,1.1830086816698304,1.0,49,49,0.05953868062163332,25.12532322232926,0.11386342945557912,2.5638771128519616e-15,2.246131039284832e-05,0.050328185704938196,2.1942709178604383e-17,1.0,1.1830086816698304,1.0,0.2461911999853328
423,239,419,186.3431852706924,-0.00958877796414311,0.046690178573525476,0.047664635088011886,20.162140642229026,1.5515838457795457e-17,0.0563886930778241,23.852417171919594,0.9999999999999998,1.000000000000001,239,1,37,37,0.0563886930778241,23.852417171919594,0.10811976726547201,2.0532620065229028e-12,0.0004597793270225203,0.0476646350880119,1.5515838457795457e-17,0.9999999999999928,1.1830299964261426,1.0,49,49,0.0563886930778241,23.852417171919594,0.10811976726547201,2.267365409836155e-15,2.2355235875682534e-05,0.0476646350880119,1.5515838457795457e-17,1.0,1.1830299964261426,1.0,0.2473492000135593
424,240,420,186.97900517945058,-0.009873861072408976,0.04393448555203461,0.04503034702508044,19.09286713863411,9.813077866773595e-18,0.05327313481612122,22.5878091620354,0.9999999999999998,0.9999999999999987,240,1,37,37,0.05327313481612122,22.5878091620354,0.10241058479490531,1.8480773926163104e-12,0.00045815370865908686,0.04503034702508045,9.813077866773595e-18,0.9999999999999922,1.183049617326951,1.0,49,49,0.05327313481612122,22.5878091620354,0.10241058479490531,2.001019328974679e-15,2.2249911000356e-05,0.04503034702508045,9.813077866773595e-18,1.0,1.183049617326951,1.0,0.23840600001858547
425,240,421,187.17380740222563,-0.00942404284641052,0.04753115064953567,0.04845640169925782,20.593970722184576,3.029564307160424e-17,0.05732386055016185,24.362640733818786,0.9999999999999998,0.9999999999999987,240,1,37,37,0.05732386055016185,24.362640733818786,0.10983045403337098,2.0941759270007002e-12,0.000456537647127215,0.04845640169925785,3.029564307160424e-17,0.9999999999999927,1.1829987068775651,1.0,49,49,0.05732386055016185,24.362640733818786,0.10983045403337098,2.3058428236714785e-15,2.2145328719723183e-05,0.04845640169925785,3.029564307160424e-17,0.9999999999999999,1.1829987068775651,1.0,0.25562219999847
426,241,422,187.80969730407435,-0.00971644951351444,0.04478486678733002,0.045826779117755706,19.52220790416393,1.8440363494407353e-17,0.05421393942452942,23.095138194849532,0.9999999999999998,0.9999999999999982,241,1,37,37,0.05421393942452942,23.095138194849532,0.10413986979604771,1.8873393110206048e-12,0.0004549310639544688,0.04582677911775572,1.8440363494407353e-17,0.9999999999999922,1.1830187603894704,1.0,49,49,0.05421393942452942,23.095138194849532,0.10413986979604771,2.0378488293722095e-15,2.2041482069254335e-05,0.04582677911775572,1.8440363494407353e-17,1.0,1.1830187603894704,1.0,0.282992499996908
427,241,423,188.00441353888795,-0.00925825620210209,0.04836452492561463,0.049242690616823126,21.026628893383474,1.734723475976807e-17,0.05825250730307784,24.87382061841424,0.9999999999999998,0.9999999999999982,241,1,37,37,0.05825250730307784,24.87382061841424,0.11152683742784049,2.1350253030741595e-12,0.0004533338814949202,0.04924269061682315,1.734723475976807e-17,0.9999999999999926,1.182967595259237,1.0,49,49,0.05825250730307784,24.87382061841424,0.11152683742784049,2.344070806294075e-15,2.193836416587597e-05,0.04924269061682315,1.734723475976807e-17,1.0,1.182967595259237,1.0,0.3029513999936171
428,242,424,188.6403728781258,-0.009557538169719415,0.04562771114063341,0.04661796391734334,19.95248855662295,1.734723475976807e-17,0.0551484953414577,23.603556006143897,0.9999999999999998,0.9999999999999999,242,1,37,37,0.0551484953414577,23.603556006143897,0.10585524493406123,1.92656716507772e-12,0.0004517460229185344,0.04661796391734336,1.734723475976807e-17,0.9999999999999923,1.182988073851521,1.0,49,49,0.0551484953414577,23.603556006143897,0.10585524493406123,2.0744748243413547e-15,2.1835968206830292e-05,0.04661796391734336,1.734723475976807e-17,1.0,1.182988073851521,1.0,0.2605698000115808
429,242,425,188.83500391181326,-0.009091570811141732,0.04919036746474798,0.05002348359651636,21.460074462905517,1.734723475976807e-17,0.05917461262812522,25.38590881746572,0.9999999999999998,0.9999999999999998,242,1,37,37,0.05917461262812522,25.38590881746572,0.11320893385559552,2.1758050998663055e-12,0.0004501674122007157,0.05002348359651638,1.734723475976807e-17,0.9999999999999929,1.1829366604177511,1.0,49,49,0.05917461262812522,25.38590881746572,0.11320893385559552,2.382047706827632e-15,2.1734287468553203e-05,0.05002348359651638,1.734723475976807e-17,1.0,1.1829366604177511,1.0,0.39118449998204596
430,243,426,189.47103213925325,-0.009397315308585924,0.04646306984472664,0.047403864762326386,20.383661847800347,9.813077866773595e-18,0.05607676003623839,24.11300681558251,0.9999999999999998,0.9999999999999999,243,1,37,37,0.05607676003623839,24.11300681558251,0.10755668543169893,1.9657552148855347e-12,0.0004485979741120113,0.04740386476232639,9.813077866773595e-18,0.9999999999999923,1.1829575566759416,1.0,49,49,0.05607676003623839,24.11300681558251,0.10755668543169893,2.1108944367234306e-15,2.1633315305570577e-05,0.04740386476232639,9.813077866773595e-18,1.0,1.1829575566759416,1.0,0.3347864999959711
431,244,427,190.10684881809422,-0.009678897822690189,0.0437546738204244,0.044812415067632866,19.314150894149765,1.1107649934270853e-17,0.05301204813566405,22.848192746471206,0.9999999999999998,0.9999999999999996,244,1,37,37,0.05301204813566405,22.848192746471206,0.10193749322219832,1.772167334222261e-12,0.00044703763420797033,0.04481241506763288,1.1107649934270853e-17,0.9999999999999918,1.1829768169302175,1.0,49,49,0.05301204813566405,22.848192746471206,0.10193749322219832,1.866816305468742e-15,2.1533045149412416e-05,0.04481241506763288,1.1107649934270853e-17,1.0,1.1829768169302175,1.0,0.29278329998487607
432,244,428,190.3016753207645,-0.00923595302374389,0.04729100041452824,0.04818445338969525,20.815683864348347,2.4099548727191465e-17,0.05699870090994864,24.62343879309781,0.9999999999999998,0.9999999999999996,244,1,37,37,0.05699870090994864,24.62343879309781,0.10924418462095187,2.0048981067885794e-12,0.0004454863188191557,0.04818445338969527,2.4099548727191465e-17,0.9999999999999923,1.1829272078478825,1.0,49,49,0.05699870090994864,24.62343879309781,0.10924418462095187,2.14710519370553e-15,2.143347050754458e-05,0.04818445338969527,2.4099548727191465e-17,1.0,1.1829272078478825,1.0,0.25340579997282475
433,245,429,190.93756085421177,-0.009524485797153166,0.04459172968745473,0.04559756776648513,19.74374684288806,1.734723475976807e-17,0.053939500822215075,23.35580385601913,0.9999999999999998,0.9999999999999998,245,1,37,37,0.053939500822215075,23.35580385601913,0.10364312896676293,1.8097374420311565e-12,0.0004439439550413051,0.045597567766485145,1.734723475976807e-17,0.9999999999999921,1.1829468865192714,1.0,49,49,0.053939500822215075,23.35580385601913,0.10364312896676293,1.90145242594489e-15,2.133458496231779e-05,0.045597567766485145,1.734723475976807e-17,1.0,1.1829468865192714,1.0,0.26107710000360385
434,245,430,191.1323026517258,-0.009073607969998964,0.04811156381469738,0.04895970725289243,21.248512947755312,1.734723475976807e-17,0.05791429212022717,25.134802780178592,0.9999999999999998,0.9999999999999998,245,1,37,37,0.05791429212022717,25.134802780178592,0.11091774781988534,2.0439907645318768e-12,0.0004424104707256399,0.04895970725289244,1.734723475976807e-17,0.9999999999999926,1.1828970263462049,1.0,49,49,0.05791429212022717,25.134802780178592,0.11091774781988534,2.183104904183483e-15,2.123638216993353e-05,0.04895970725289244,1.734723475976807e-17,1.0,1.1828970263462049,1.0,0.25782560001243837
435,246,431,191.76825650209628,-0.009368671253020792,0.04542147276008959,0.046377604387707855,20.174257908652915,1.5515838457795457e-17,0.05486086204223887,23.864474988373907,0.9999999999999998,0.9999999999999988,246,1,37,37,0.05486086204223887,23.864474988373907,0.10533520133130984,1.8472850154714846e-12,0.00044088579446931875,0.04637760438770787,1.5515838457795457e-17,0.999999999999992,1.1829171162790688,1.0,49,49,0.05486086204223887,23.864474988373907,0.10533520133130984,1.935918233500042e-15,2.113885585942661e-05,0.04637760438770787,1.5515838457795457e-17,1.0,1.1829171162790688,1.0,0.25893390001147054
436,247,432,192.40400177845123,-0.009639766048197695,0.04275000829222488,0.04382337616443171,19.106992007692224,1.734723475976807e-17,0.051840232545959326,22.602341390038266,0.9999999999999998,0.9999999999999993,247,1,37,37,0.051840232545959326,22.602341390038266,0.09978590497725606,1.6658453307559217e-12,0.00043936985560603275,0.04382337616443172,1.734723475976807e-17,0.9999999999999918,1.1829356175445545,1.0,49,49,0.051840232545959326,22.602341390038266,0.09978590497725606,1.7131552465872937e-15,2.1041999831664002e-05,0.04382337616443172,1.734723475976807e-17,1.0,1.1829356175445545,1.0,0.27092070001526736
437,247,433,192.59893599286417,-0.009211631171677453,0.04624395399229263,0.04715249123518605,20.605638669776305,1.8440363494407353e-17,0.055776092726422415,24.374152521446597,0.9999999999999998,0.9999999999999994,247,1,37,37,0.055776092726422415,24.374152521446597,0.10701368989844913,1.884804656462714e-12,0.0004378625841967413,0.04715249123518606,1.8440363494407353e-17,0.999999999999992,1.1828875053117294,1.0,49,49,0.055776092726422415,24.374152521446597,0.10701368989844913,1.9702108013934238e-15,2.0945807958359735e-05,0.04715249123518606,1.8440363494407353e-17,1.0,1.1828875053117294,1.0,0.26331819998449646
438,248,434,193.23474954828052,-0.009489754988696262,0.043581279981156754,0.044602504577001725,19.535897004726756,3.029564307160424e-17,0.05276058894121993,23.10913795625433,0.9999999999999998,0.9999999999999984,248,1,37,37,0.05276058894121993,23.10913795625433,0.10148169515157653,1.7018412645439823e-12,0.0004363639110205448,0.04460250457700176,3.029564307160424e-17,0.9999999999999918,1.1829064184082778,1.0,49,49,0.05276058894121993,23.10913795625433,0.10148169515157653,1.7459095719741383e-15,2.085027418110548e-05,0.04460250457700176,3.029564307160424e-17,0.9999999999999998,1.1829064184082778,1.0,0.2902532999869436
439,248,435,193.42959955348306,-0.009053526210341905,0.04705922918414,0.047922201412776956,21.037846420209085,3.029564307160424e-17,0.05668516184500286,24.884786049956254,0.9999999999999998,0.9999999999999986,248,1,37,37,0.05668516184500286,24.884786049956254,0.1086785887811126,1.9222912721090912e-12,0.00043487376756569265,0.047922201412776984,3.029564307160424e-17,0.9999999999999922,1.18285805271645,1.0,49,49,0.05668516184500286,24.884786049956254,0.1086785887811126,2.0043275169139458e-15,2.0755392510416612e-05,0.047922201412776984,3.029564307160424e-17,1.0,1.18285805271645,1.0,0.2533765999833122
440,249,436,194.0654808614401,-0.009338251456961835,0.04440540800668145,0.045376681241726995,19.965739746359876,2.2551405187698492e-17,0.053675049399554225,23.61702173580386,0.9999999999999998,1.000000000000001,249,1,37,37,0.053675049399554225,23.61702173580386,0.10316428734882867,1.7378299528685453e-12,0.0004333920860207238,0.04537668124172702,2.2551405187698492e-17,0.9999999999999917,1.1828773707275073,1.0,49,49,0.053675049399554225,23.61702173580386,0.10316428734882867,1.7785251368212765e-15,2.066115702479339e-05,0.04537668124172702,2.2551405187698492e-17,1.0,1.1828773707275073,1.0,0.2728798000025563
441,249,437,194.26024740686157,-0.00889450337192612,0.04786735734250229,0.048686713682359106,21.470840733920365,1.734723475976807e-17,0.057588045056177255,25.39632786977417,0.9999999999999998,1.0000000000000009,249,1,37,37,0.057588045056177255,25.39632786977417,0.11032990400271907,1.959740032081074e-12,0.00043191879926573806,0.04868671368235912,1.734723475976807e-17,0.9999999999999919,1.182828757592719,1.0,49,49,0.057588045056177255,25.39632786977417,0.11032990400271907,2.0382660327685573e-15,2.056756186979705e-05,0.04868671368235912,1.734723475976807e-17,1.0,1.182828757592719,1.0,0.27821449999464676
442,250,438,194.89619594683313,-0.009185436298917651,0.0452224371525143,0.04614586722572867,20.396473313772074,3.029564307160424e-17,0.05458356861564288,24.125937328114155,0.9999999999999998,0.9999999999999999,250,1,37,37,0.05458356861564288,24.125937328114155,0.10483364783683975,1.7738059856882624e-12,0.00043045384086379555,0.0461458672257287,3.029564307160424e-17,0.9999999999999916,1.1828484737027494,1.0,49,49,0.05458356861564288,24.125937328114155,0.10483364783683975,1.810998674816293e-15,2.047460125714052e-05,0.0461458672257287,3.029564307160424e-17,1.0,1.1828484737027494,1.0,0.26486510000540875
443,251,439,195.5319392850717,-0.009453470764436773,0.042595447556093013,0.043631872089081064,19.32891933546291,2.8609792490763984e-17,0.0516106865337775,22.863534134463432,0.9999999999999998,0.9999999999999987,251,1,37,37,0.0516106865337775,22.863534134463432,0.09936928337919163,1.6020492938877918e-12,0.0004289971450524423,0.04363187208908109,2.8609792490763984e-17,0.9999999999999915,1.1828666537252053,1.0,49,49,0.0516106865337775,22.863534134463432,0.09936928337919163,1.605783016376909e-15,2.0382269463793447e-05,0.04363187208908109,2.8609792490763984e-17,1.0,1.1828666537252053,1.0,0.2929256999923382
444,251,440,195.7268950293032,-0.009031474572576602,0.04603241836852251,0.04691003169695994,20.828054073450215,2.964296775167217e-17,0.05548611086421416,24.635833223711085,0.9999999999999998,0.9999999999999988,251,1,37,37,0.05548611086421416,24.635833223711085,0.10648976045591779,1.8097642916616224e-12,0.0004275486467353599,0.04691003169695997,2.964296775167217e-17,0.9999999999999918,1.1828197265492362,1.0,49,49,0.05548611086421416,24.635833223711085,0.10648976045591779,1.8433272681734715e-15,2.029056083110137e-05,0.04691003169695997,2.964296775167217e-17,1.0,1.1828197265492362,1.0,0.44341910001821816
445,252,441,196.362705562608,-0.009306183087449835,0.04341396493332017,0.04440019588795404,19.758087170139547,1.734723475976807e-17,0.0525182524544817,23.370622342244356,0.9999999999999998,0.9999999999999993,252,1,37,37,0.0525182524544817,23.370622342244356,0.101042293349639,1.6365568671180034e-12,0.0004261082814741368,0.044400195887954054,1.734723475976807e-17,0.9999999999999913,1.182838305196084,1.0,49,49,0.0525182524544817,23.370622342244356,0.101042293349639,1.6366499697199574e-15,2.0199469763918697e-05,0.044400195887954054,1.734723475976807e-17,1.0,1.182838305196084,1.0,0.2889918999862857
446,252,442,196.55757832972492,-0.008876516845029133,0.046835406006853146,0.04766914942734831,21.260440644597345,2.4099548727191465e-17,0.05638264704466336,25.146660581919857,0.9999999999999998,0.9999999999999992,252,1,37,37,0.05638264704466336,25.146660581919857,0.10813262090936629,1.845700044913576e-12,0.00042467598548016,0.04766914942734833,2.4099548727191465e-17,0.9999999999999918,1.1827911284759787,1.0,49,49,0.05638264704466336,25.146660581919857,0.10813262090936629,1.8755082478787687e-15,2.0108990729755272e-05,0.04766914942734833,2.4099548727191465e-17,0.9999999999999998,1.1827911284759787,1.0,0.29298040000139736
447,253,443,197.19345554820572,-0.009157498566918592,0.04422554474742147,0.04516368661003323,20.188167914684854,1.734723475976807e-17,0.05342006463785118,23.878768893119478,0.9999999999999998,0.9999999999999987,253,1,37,37,0.05342006463785118,23.878768893119478,0.10270242236987406,1.6710653873985864e-12,0.0004232516956066238,0.04516368661003325,1.734723475976807e-17,0.9999999999999915,1.1828100991645747,1.0,49,49,0.05342006463785118,23.878768893119478,0.10270242236987406,1.6674022902673235e-15,2.001911825793633e-05,0.04516368661003325,1.734723475976807e-17,1.0,1.1828100991645747,1.0,0.29203459998825565
448,254,444,197.82913036643475,-0.009415743331908878,0.04163336450442836,0.04268481301881246,19.122796232427984,2.2551405187698492e-17,0.050488773954494706,22.61897073161363,0.9999999999999998,1.0000000000000002,254,1,37,37,0.050488773954494706,22.61897073161363,0.09730431126967315,1.5096219895745277e-12,0.0004218353493406554,0.04268481301881248,2.2551405187698492e-17,0.999999999999991,1.182827576923971,1.0,49,49,0.050488773954494706,22.61897073161363,0.09730431126967315,1.4792859510054624e-15,1.992984693877551e-05,0.04268481301881248,2.2551405187698492e-17,1.0,1.182827576923971,1.0,0.7224076999991667
449,254,445,198.02418946456643,-0.00900758722159472,0.04503023214246252,0.045922308678448445,20.619116596623353,1.962615573354719e-17,0.05431608170827457,24.387920687015285,0.9999999999999998,1.0000000000000002,254,1,37,37,0.05431608170827457,24.387920687015285,0.10434964216045141,1.705569791098363e-12,0.0004204268847955534,0.04592230867844845,1.962615573354719e-17,0.9999999999999913,1.182782034949505,1.0,50,50,0.05431608170827457,24.387920687015285,0.10434964216045141,5.85209575005135e-16,1.98411714227608e-05,0.04592230867844845,1.962615573354719e-17,1.0,1.182782034949505,1.0,0.7009393000043929
450,255,446,198.65993092729104,-0.0092725825131972,0.04244628071338122,0.04344729603626915,19.551283216321117,1.6365348541700844e-17,0.05138945762979087,23.125255933405892,0.9999999999999998,0.9999999999999979,255,1,37,37,0.05138945762979087,23.125255933405892,0.09896765179454171,1.5427225093722867e-12,0.00041902624070313925,0.043447296036269165,1.6365348541700844e-17,0.9999999999999911,1.182799905128543,1.0,50,50,0.05138945762979087,23.125255933405892,0.09896765179454171,5.180512851788517e-16,1.9753086419753087e-05,0.043447296036269165,1.6365348541700844e-17,1.0,1.182799905128543,1.0,0.4531905999756418
451,255,447,198.85490753050718,-0.008856603477325498,0.04582807670141614,0.04667603281455542,21.050890799364495,5.204170427930421e-18,0.0552062697368039,24.89802765129856,0.9999999999999998,0.9999999999999979,255,1,37,37,0.0552062697368039,24.89802765129856,0.10598393795875995,1.7400652719882125e-12,0.0004176333564062183,0.04667603281455543,5.204170427930421e-18,0.9999999999999916,1.1827541118616323,1.0,50,50,0.0552062697368039,24.89802765129856,0.10598393795875995,5.953800828292226e-16,1.9665586698197158e-05,0.04667603281455543,5.204170427930421e-18,1.0,1.1827541118616323,1.0,0.5061474000103772
452,256,448,199.4907151381662,-0.009127940916904791,0.043252417498289564,0.04420510066529483,19.980705500713263,8.673617379884035e-18,0.05228457159579739,23.63262636130042,0.9999999999999998,1.0000000000000002,256,1,37,37,0.05228457159579739,23.63262636130042,0.10061845743019322,1.5758360265823804e-12,0.0004162481718511492,0.044205100665294844,8.673617379884035e-18,0.9999999999999911,1.1827723680956508,1.0,50,50,0.05228457159579739,23.63262636130042,0.10061845743019322,5.277580824850779e-16,1.9578667084344897e-05,0.044205100665294844,8.673617379884035e-18,1.0,1.1827723680956508,1.0,0.7379830999998376
453,256,449,199.6856099610445,-0.008704688850409523,0.046619131238919115,0.0474248353234253,21.48345040151166,1.5515838457795457e-17,0.05609060139552923,25.409042432174743,0.9999999999999998,1.0000000000000002,256,1,37,37,0.05609060139552923,25.409042432174743,0.10760530686721903,1.7745472581620112e-12,0.0004148706275805206,0.04742483532342531,1.5515838457795457e-17,0.9999999999999916,1.182726329211385,1.0,50,50,0.05609060139552923,25.409042432174743,0.10760530686721903,6.054992670805108e-16,1.9492322461490482e-05,0.04742483532342531,1.5515838457795457e-17,1.0,1.182726329211385,1.0,0.765317999990657
454,257,450,200.32148321960275,-0.008981992436463616,0.0440518139886671,0.04495818617138392,20.4110165218083,6.938893903907228e-18,0.053174068339810344,24.141027026273896,0.9999999999999998,0.9999999999999996,257,1,37,37,0.053174068339810344,24.141027026273896,0.10225668683105173,1.6089574855486151e-12,0.00041350066472593133,0.044958186171383925,6.938893903907228e-18,0.9999999999999911,1.1827449652240614,1.0,50,50,0.053174068339810344,24.141027026273896,0.10225668683105173,5.374242690550458e-16,1.9406547769217335e-05,0.044958186171383925,6.938893903907228e-18,1.0,1.1827449652240614,1.0,0.7500981999910437
455,258,451,200.95715725514867,-0.009237561227874768,0.041501529235790875,0.042517166725311556,19.34531086001676,1.4821483875836085e-17,0.050287695793044845,22.880901585835403,0.9999999999999998,0.9999999999999997,258,1,37,37,0.050287695793044845,22.880901585835403,0.09693885719548001,1.4556622934734933e-12,0.00041213822500087507,0.04251716672531154,1.4821483875836085e-17,0.9999999999999909,1.1827621562352906,1.0,50,50,0.050287695793044845,22.880901585835403,0.09693885719548001,4.7603184096180725e-16,1.9321338002656683e-05,0.04251716672531154,1.4821483875836085e-17,1.0,1.1827621562352906,1.0,0.5576374999945983
456,258,452,201.15223538834346,-0.00883489553766337,0.04484451523042113,0.04570651950666225,20.842172895037987,1.6365348541700844e-17,0.05405790943942586,24.65040670437819,0.9999999999999998,0.9999999999999997,258,1,37,37,0.05405790943942586,24.65040670437819,0.10388231540550856,1.6420821238428816e-12,0.00041078325069372545,0.04570651950666226,1.6365348541700844e-17,0.9999999999999912,1.1827176959196444,1.0,50,50,0.05405790943942586,24.65040670437819,0.10388231540550856,5.470489584948716e-16,1.9236688211757463e-05,0.04570651950666226,1.6365348541700844e-17,1.0,1.1827176959196444,1.0,0.5481273999903351
457,259,453,201.78797503517515,-0.009096877214051061,0.04230223102850437,0.04326929540721087,19.774068001095365,1.1107649934270853e-17,0.05117612165858546,23.387487597973557,0.9999999999999998,0.9999999999999986,259,1,37,37,0.05117612165858546,23.387487597973557,0.09858025303595559,1.487449691483622e-12,0.00040943568466082097,0.043269295407210855,1.1107649934270853e-17,0.9999999999999908,1.1827352670516773,1.0,50,50,0.05117612165858546,23.387487597973557,0.09858025303595559,4.852065451162975e-16,1.9152593500567396e-05,0.043269295407210855,1.1107649934270853e-17,1.0,1.1827352670516773,1.0,0.4876294000132475
458,259,454,201.98297185741316,-0.008686795002235301,0.045630569677223703,0.04645007315902557,21.274133506833714,1.214306433183765e-17,0.05493606301708094,25.160716861823072,0.9999999999999998,0.9999999999999984,259,1,37,37,0.05493606301708094,25.160716861823072,0.10549533038743836,1.6752053983921768e-12,0.0004080954703196487,0.04645007315902557,1.214306433183765e-17,0.9999999999999913,1.1826905595821755,1.0,50,50,0.05493606301708094,25.160716861823072,0.10549533038743836,5.566313385680265e-16,1.9069049026525047e-05,0.04645007315902557,1.214306433183765e-17,1.0,1.1826905595821755,1.0,0.47307350000482984
459,260,455,202.61877663134842,-0.008954806325363182,0.043096343113682545,0.04401685297811529,20.203735516954918,1.3985787785349405e-17,0.05205910637028595,23.895129823961252,0.9999999999999998,1.0000000000000016,260,1,37,37,0.05205910637028595,23.895129823961252,0.10020940399120441,1.5192557615115619e-12,0.0004067625516421234,0.044016852978115306,1.3985787785349405e-17,0.9999999999999907,1.1827085047667805,1.0,50,50,0.05205910637028595,23.895129823961252,0.10020940399120441,4.943486844725087e-16,1.8986049999762676e-05,0.044016852978115306,1.3985787785349405e-17,0.9999999999999999,1.1827085047667805,1.0,0.5374238999793306
460,261,456,203.25438482528742,-0.009201216537953177,0.04057892205996292,0.041609029084164514,19.140153378715677,1.0408340855860843e-17,0.049212040771255135,22.637538754777363,0.9999999999999998,0.9999999999999993,261,1,37,37,0.049212040771255135,22.637538754777363,0.09495446486242304,1.37478088333402e-12,0.00040543687314796253,0.041609029084164514,1.0408340855860843e-17,0.9999999999999903,1.1827250444059065,1.0,50,50,0.049212040771255135,22.637538754777363,0.09495446486242304,4.3812017178555454e-16,1.8903591682419658e-05,0.041609029084164514,1.0408340855860843e-17,1.0,1.1827250444059065,1.0,0.5342959999979939
461,261,457,203.449562258325,-0.008811511884967121,0.04388390547818156,0.0447598022975626,20.63426885917636,1.5515838457795457e-17,0.05293660663188086,24.403775657297075,0.9999999999999998,0.9999999999999992,261,1,37,37,0.05293660663188086,24.403775657297075,0.10182627489869626,1.5510757843372508e-12,0.00040411837989815386,0.04475980229756261,1.5515838457795457e-17,0.999999999999991,1.1826818688777703,1.0,50,50,0.05293660663188086,24.403775657297075,0.10182627489869626,5.03457307036025e-16,1.8821669387966367e-05,0.04475980229756261,1.5515838457795457e-17,1.0,1.1826818688777703,1.0,0.5698220999911427
462,262,458,204.08523553647993,-0.009064409245170997,0.04137420195836835,0.04235549672304402,19.568239486046338,5.204170427930421e-18,0.05009379441874712,23.143333021461167,0.9999999999999998,1.0000000000000009,262,1,37,37,0.05009379441874712,23.143333021461167,0.09658637853691482,1.4053076461196154e-12,0.00040280701748851555,0.04235549672304402,5.204170427930421e-18,0.9999999999999905,1.1826987827885154,1.0,50,50,0.05009379441874712,23.143333021461167,0.09658637853691482,4.467937140736499e-16,1.874027848053822e-05,0.04235549672304402,5.204170427930421e-18,1.0,1.1826987827885154,1.0,0.5831472999998368
463,262,459,204.2803321271208,-0.00866714238151496,0.044664962179864216,0.04549811208819717,21.06562589683529,8.673617379884035e-18,0.05380858607959634,24.913375354853105,0.9999999999999998,1.0000000000000009,262,1,37,37,0.05380858607959634,24.913375354853105,0.10343084323459525,1.5829052591270102e-12,0.00040150273204334606,0.04549811208819717,8.673617379884035e-18,0.999999999999991,1.1826553588704842,1.0,50,50,0.05380858607959634,24.913375354853105,0.10343084323459525,5.125315342976309e-16,1.8659414374279863e-05,0.04549811208819717,8.673617379884035e-18,0.9999999999999999,1.1826553588704842,1.0,0.9039225000014994
464,263,460,204.9160700148839,-0.008926136363101541,0.04216304025535782,0.04309753907066629,19.99725812878916,3.469446951953614e-18,0.050970280361245617,23.650210087617968,0.9999999999999998,0.9999999999999996,263,1,37,37,0.050970280361245617,23.650210087617968,0.09820637538765738,1.4358625971829177e-12,0.0004002054702091635,0.04309753907066629,3.469446951953614e-18,0.9999999999999903,1.1826726411842339,1.0,50,50,0.050970280361245617,23.650210087617968,0.09820637538765738,4.554417219273487e-16,1.8579072532699166e-05,0.04309753907066629,3.469446951953614e-18,1.0,1.1826726411842339,1.0,0.7060769000090659
465,264,461,205.55161389763143,-0.009163642527150363,0.039677710280528536,0.04072214431327209,18.935797105671522,1.3985787785349405e-17,0.04816161405036989,22.395150533421997,0.9999999999999998,0.9999999999999984,264,1,37,37,0.04816161405036989,22.395150533421997,0.09301310148878623,1.2995441997879973e-12,0.00039891517914853185,0.040722144313272104,1.3985787785349405e-17,0.9999999999999901,1.182688555884154,1.0,50,50,0.04816161405036989,22.395150533421997,0.09301310148878623,4.038481070265942e-16,1.8499248468030988e-05,0.040722144313272104,1.3985787785349405e-17,1.0,1.182688555884154,1.0,0.5771194999979343
466,264,462,205.74688847305976,-0.008786565232329875,0.04294547118003521,0.04383511404635812,20.427163145602883,5.204170427930421e-18,0.0518414494273168,24.158115433129627,0.9999999999999998,0.9999999999999986,264,1,37,37,0.0518414494273168,24.158115433129627,0.09981440774643786,1.4664410405487231e-12,0.0003976318065339738,0.04383511404635812,5.204170427930421e-18,0.9999999999999908,1.1826466191576808,1.0,50,50,0.0518414494273168,24.158115433129627,0.09981440774643786,4.640631877316745e-16,1.8419937740610438e-05,0.04383511404635812,5.204170427930421e-18,1.0,1.1826466191576808,1.0,0.6234974999970291
467,265,463,206.38249691951117,-0.009030635902797115,0.04046758193281583,0.041462966274713756,19.363205250291323,9.813077866773595e-18,0.04903671203422447,22.900144519982828,0.9999999999999998,0.9999999999999991,265,1,37,37,0.04903671203422447,22.900144519982828,0.09463546480542387,1.3288723704065466e-12,0.0003963553005419679,0.04146296627471376,9.813077866773595e-18,0.9999999999999901,1.1826629023435202,1.0,50,50,0.04903671203422447,22.900144519982828,0.09463546480542387,4.120501036514613e-16,1.8341135958255575e-05,0.04146296627471376,9.813077866773595e-18,1.0,1.1826629023435202,1.0,0.6200686999945901
468,265,464,206.57769112000324,-0.008645848153394857,0.04372153451177952,0.04456818675194548,20.857911399910485,3.469446951953614e-18,0.052707260939598426,24.666998119732064,0.9999999999999998,0.9999999999999992,265,1,38,38,0.052707260939598426,24.666998119732064,0.10141044366006972,1.4970385310104753e-12,0.0003950856098470293,0.04456818675194548,3.469446951953614e-18,0.9999999999999966,1.1826207162735347,1.0,50,50,0.052707260939598426,24.666998119732064,0.10141044366006972,4.726571870493983e-16,1.826283877565929e-05,0.04456818675194548,3.469446951953614e-18,1.0,1.1826207162735347,1.0,0.5940684000088368
469,266,465,207.21336366485554,-0.00889608463331429,0.04125115757985804,0.04219950619949681,19.791568407564004,5.204170427930421e-18,0.04990671270071075,23.406248256633344,0.9999999999999998,1.0000000000000013,266,1,38,38,0.04990671270071075,23.406248256633344,0.09624623512186663,1.3582371435778639e-12,0.0003938226836158722,0.04219950619949682,5.204170427930421e-18,0.9999999999999966,1.18263736226624,1.0,50,50,0.04990671270071075,23.406248256633344,0.09624623512186663,4.202326977708593e-16,1.8185041893790262e-05,0.04219950619949682,5.204170427930421e-18,1.0,1.18263736226624,1.0,0.6443104000063613
470,266,466,207.40847816122468,-0.008504124433996606,0.044491273423838504,0.04529672773240532,21.2894620342305,1.4304896245381992e-17,0.05356768065660383,25.1768099086038,0.9999999999999998,1.0000000000000013,266,1,38,38,0.05356768065660383,25.1768099086038,0.10299446289463893,1.527650819272131e-12,0.0003925664715016532,0.045296727732405326,1.4304896245381992e-17,0.9999999999999967,1.1825949320900164,1.0,50,50,0.05356768065660383,25.1768099086038,0.10299446289463893,4.812228601642159e-16,1.8107741059302852e-05,0.045296727732405326,1.4304896245381992e-17,1.0,1.1825949320900164,1.0,0.6130944000033196
471,267,467,208.0442143441208,-0.008760159900275597,0.042028466507259686,0.0429317178602283,20.22083911216753,9.813077866773595e-18,0.050771561943760785,23.913405675511328,0.9999999999999998,1.0000000000000002,267,1,38,38,0.050771561943760785,23.913405675511328,0.09784535406595846,1.387633881808938e-12,0.00039131692363829416,0.042931717860228306,9.813077866773595e-18,0.9999999999999967,1.182611935284222,1.0,50,50,0.050771561943760785,23.913405675511328,0.09784535406595846,4.2839485112098595e-16,1.8030932063955715e-05,0.042931717860228306,9.813077866773595e-18,1.0,1.182611935284222,1.0,0.5789201000006869
472,268,468,208.6797594431812,-0.008995644335335215,0.03958165285170074,0.04059099480772056,19.158949549244106,9.813077866773595e-18,0.048004031294719696,22.657902771107697,0.9999999999999998,1.0000000000000002,268,1,38,38,0.048004031294719696,22.657902771107697,0.09272619032828723,1.257660303428462e-12,0.0003900739906348828,0.040590994807720576,9.813077866773595e-18,0.9999999999999963,1.1826276129007103,1.0,50,50,0.048004031294719696,22.657902771107697,0.09272619032828723,3.8056657296148936e-16,1.795461074403907e-05,0.040590994807720576,9.813077866773595e-18,1.0,1.1826276129007103,1.0,1.034072999987984
473,268,469,208.87504916427764,-0.0086230186097802,0.0427995441029075,0.04365956281688285,20.65097321238559,5.204170427930421e-18,0.051631214867765444,24.421564632453055,0.9999999999999998,1.0000000000000002,268,1,38,38,0.051631214867765444,24.421564632453055,0.09943278043156095,1.4170582048217036e-12,0.00038883762357015043,0.04365956281688285,5.204170427930421e-18,0.9999999999999969,1.1825866210414735,1.0,50,50,0.051631214867765444,24.421564632453055,0.09943278043156095,4.365356093450066e-16,1.7878772979810396e-05,0.04365956281688285,5.204170427930421e-18,1.0,1.1825866210414735,1.0,0.6334945999842603
474,269,470,209.51065785679594,-0.008864741019981685,0.040359981342320723,0.041322048924319114,19.58665119012726,9.813077866773595e-18,0.04886756480708621,23.163225718558866,0.9999999999999998,0.9999999999999983,269,1,38,38,0.04886756480708621,23.163225718558866,0.09432767332456313,1.2858927535452992e-12,0.0003876077739870256,0.04132204892431913,9.813077866773595e-18,0.9999999999999964,1.1826026559473521,1.0,50,50,0.04886756480708621,23.163225718558866,0.09432767332456313,3.883111956224263e-16,1.780341469493849e-05,0.04132204892431913,9.813077866773595e-18,1.0,1.1826026559473521,1.0,0.624566100013908
475,269,471,209.7058683288826,-0.00848480363315096,0.04356442951192576,0.04438300813816792,21.081928865629763,7.757919228897728e-18,0.05248563309087615,24.93067571816617,0.9999999999999998,0.9999999999999982,269,1,38,38,0.05248563309087615,24.93067571816617,0.10100848494299265,1.4465059195560783e-12,0.0003863843938872619,0.04438300813816793,7.757919228897728e-18,0.9999999999999966,1.1825614191693383,1.0,50,50,0.05248563309087615,24.93067571816617,0.10100848494299265,4.446540793535023e-16,1.772853185595568e-05,0.04438300813816793,7.757919228897728e-18,1.0,1.1825614191693383,1.0,0.6770451000193134
476,270,472,210.34154016339275,-0.008732390101164698,0.041132182024673565,0.042048912411497615,20.015282307872866,5.204170427930421e-18,0.04972611058186567,23.66962863696806,0.9999999999999998,1.0000000000000007,270,1,38,38,0.04972611058186567,23.66962863696806,0.09591781621596014,1.3141646931505055e-12,0.0003851674357261392,0.04204891241149762,5.204170427930421e-18,0.9999999999999964,1.1825778059427012,1.0,50,50,0.04972611058186567,23.66962863696806,0.09591781621596014,3.960407114346306e-16,1.76541204717181e-05,0.04204891241149762,5.204170427930421e-18,1.0,1.1825778059427012,1.0,0.7906454000039957
477,271,473,210.97702334908584,-0.008959516314544473,0.03871573383942279,0.03973891014252424,18.955460137984062,7.757919228897728e-18,0.04699495306570889,22.41659261234314,0.9999999999999998,0.9999999999999983,271,1,38,38,0.04699495306570889,22.41659261234314,0.09085730070605358,1.191235981977984e-12,0.00038395685240723694,0.039738910142524245,7.757919228897728e-18,0.9999999999999962,1.1825929019482602,1.0,50,50,0.04699495306570889,22.41659261234314,0.09085730070605358,3.519857970353473e-16,1.7580176592873877e-05,0.039738910142524245,7.757919228897728e-18,1.0,1.1825929019482602,1.0,0.971948499995051
478,271,474,211.1724065679106,-0.008598752678073522,0.04189828487888043,0.04277154221454373,20.444797178551905,5.204170427930421e-18,0.050579618237489986,24.177057517520215,0.9999999999999998,0.9999999999999982,271,1,38,38,0.050579618237489986,24.177057517520215,0.09749656609479512,1.3424717773692713e-12,0.0003827525972772789,0.04277154221454374,5.204170427930421e-18,0.9999999999999966,1.182553062589622,1.0,50,50,0.050579618237489986,24.177057517520215,0.09749656609479512,4.037541378910398e-16,1.7506696311339088e-05,0.04277154221454374,5.204170427930421e-18,1.0,1.182553062589622,1.0,0.86889740001061
479,272,475,211.80795284835543,-0.008832192729613506,0.03948883171451096,0.04046449627253507,19.382493714544296,8.673617379884035e-18,0.04785203908265688,22.921126720592646,0.9999999999999998,1.0000000000000018,272,1,38,38,0.04785203908265688,22.921126720592646,0.09244944122664177,1.21839091526294e-12,0.00038155462412104704,0.040464496272535073,8.673617379884035e-18,0.9999999999999963,1.182568510438521,1.0,50,50,0.04785203908265688,22.921126720592646,0.09244944122664177,3.5931852214177216e-16,1.743367575978138e-05,0.040464496272535073,8.673617379884035e-18,1.0,1.182568510438521,1.0,0.8241296999913175
480,272,476,212.00325727194482,-0.008463975269512253,0.04265832501370951,0.04348990193525607,20.875152928922915,2.1457344368072987e-17,0.051428045264363086,24.68546172689428,0.9999999999999998,1.000000000000002,272,1,38,38,0.051428045264363086,24.68546172689428,0.0990638846654027,1.3708098745176895e-12,0.0003803628871563654,0.04348990193525609,2.1457344368072987e-17,0.9999999999999967,1.1825284255854296,1.0,50,50,0.051428045264363086,24.68546172689428,0.0990638846654027,4.114505608157148e-16,1.736111111111111e-05,0.04348990193525609,2.1457344368072987e-17,1.0,1.1825284255854296,1.0,0.7744523000146728
481,273,477,212.6388662043208,-0.008703347221979569,0.04025593806155995,0.04118602678193771,19.810478882112037,1.5515838457795457e-17,0.04870429791680159,23.426767297981563,0.9999999999999998,1.0000000000000004,273,1,38,38,0.04870429791680159,23.426767297981563,0.09403054834200593,1.2455919745448508e-12,0.00037917734102915025,0.04118602678193773,1.5515838457795457e-17,0.9999999999999962,1.1825442200256384,1.0,50,50,0.04870429791680159,23.426767297981563,0.09403054834200593,3.6664078710429463e-16,1.7288998577979868e-05,0.04118602678193773,1.5515838457795457e-17,1.0,1.1825442200256384,1.0,0.7901433999941219
482,273,478,212.8340924738167,-0.008328192040872033,0.0434123408941093,0.04420396050780969,21.30630896476427,8.673617379884035e-18,0.05227135545814731,25.194793330827004,0.9999999999999998,1.0000000000000004,273,1,38,38,0.05227135545814731,25.194793330827004,0.10061974519201994,1.399175027972026e-12,0.0003779979408085286,0.044203960507809704,8.673617379884035e-18,0.9999999999999966,1.1825038946207618,1.0,50,50,0.05227135545814731,25.194793330827004,0.10061974519201994,4.1912912209057427e-16,1.721733441228629e-05,0.044203960507809704,8.673617379884035e-18,1.0,1.1825038946207618,1.0,0.8479770999983884
483,274,479,213.46976361988803,-0.008573144465362035,0.0410170780770377,0.04190345451155279,20.23936852908,0.0,0.04955167430558904,23.933458689599505,0.9999999999999998,0.9999999999999999,274,1,38,38,0.04955167430558904,23.933458689599505,0.09560055860314727,1.272834871708808e-12,0.00037682464198202076,0.04190345451155279,0.0,0.9999999999999963,1.1825200304649734,1.0,50,50,0.04955167430558904,23.933458689599505,0.09560055860314727,3.7395159699081395e-16,1.7146114904689033e-05,0.04190345451155279,0.0,1.0,1.1825200304649734,1.0,0.9024690999940503
484,275,480,214.1052488804381,-0.00879851890471164,0.03863705355683618,0.039626201464061574,19.1790815086058,1.734723475976807e-18,0.046859366744229775,22.67993350420721,0.9999999999999998,1.0000000000000013,275,1,38,38,0.046859366744229775,22.67993350420721,0.09061032888078703,1.1553355887986017e-12,0.0003756574004507889,0.039626201464061574,1.734723475976807e-18,0.9999999999999961,1.1825349140953674,1.0,50,50,0.046859366744229775,22.67993350420721,0.09061032888078703,3.329403839429316e-16,1.7075336384126766e-05,0.039626201464061574,1.734723475976807e-18,1.0,1.1825349140953674,1.0,0.9046362999943085
485,275,481,214.3006452946893,-0.0084417352211149,0.04177228299995891,0.04261673991018163,20.669118856438093,6.938893903907228e-18,0.05039412198464559,24.44114916255311,0.9999999999999998,1.0000000000000013,275,1,38,38,0.05039412198464559,24.44114916255311,0.09715942540959169,1.3001155499527184e-12,0.0003744961725249483,0.042616739910181625,6.938893903907228e-18,0.9999999999999962,1.1824959415209948,1.0,50,50,0.05039412198464559,24.44114916255311,0.09715942540959169,3.8125002935431526e-16,1.7004995217345094e-05,0.042616739910181625,6.938893903907228e-18,1.0,1.1824959415209948,1.0,0.8759235999896191
486,276,482,214.9361927230728,-0.008673111825423189,0.0393990824607467,0.040342416480486316,19.60641440951635,7.152448122690996e-18,0.04770535797319004,23.184803974970357,0.9999999999999998,1.0000000000000007,276,1,38,38,0.04770535797319004,23.184803974970357,0.09218234843476371,1.1815168943897069e-12,0.00037334091491894193,0.04034241648048632,7.152448122690996e-18,0.9999999999999962,1.182511166535232,1.0,50,50,0.04770535797319004,23.184803974970357,0.09218234843476371,3.3987948495888216e-16,1.6935087808430286e-05,0.04034241648048632,7.152448122690996e-18,1.0,1.182511166535232,1.0,0.9456185000017285
487,276,483,215.1315114251502,-0.008309257029520492,0.04252158761423246,0.04332584870048691,21.099688317137126,3.469446951953614e-18,0.051231600925908304,24.949789650917342,0.9999999999999998,1.0000000000000007,276,1,38,38,0.051231600925908304,24.949789650917342,0.09870711364355785,1.3274301163194259e-12,0.0003721915847469764,0.04332584870048691,3.469446951953614e-18,0.9999999999999963,1.1824719529460146,1.0,50,50,0.051231600925908304,24.949789650917342,0.09870711364355785,3.8853521359255127e-16,1.68656105983497e-05,0.04332584870048691,3.469446951953614e-18,1.0,1.1824719529460146,1.0,0.9147879999945872
488,277,484,215.76712059140192,-0.008546277351327899,0.04015527544308509,0.04105465871829715,20.03467345452901,7.152448122690996e-18,0.04854662133925746,23.69075121355764,0.9999999999999998,1.0,277,1,38,38,0.04854662133925746,23.69075121355764,0.09374356656769398,1.207745988211706e-12,0.00037104813951851855,0.04105465871829716,7.152448122690996e-18,0.999999999999996,1.1824875143249287,1.0,50,50,0.04854662133925746,23.69075121355764,0.09374356656769398,3.468111834132802e-16,1.679656006449879e-05,0.04105465871829716,7.152448122690996e-18,1.0,1.1824875143249287,1.0,1.1323448999901302
489,278,485,216.40254617826764,-0.008763790629815488,0.037804025131775415,0.038806550250790765,18.976403072636685,7.152448122690996e-18,0.04588881767744354,22.43963184426989,0.9999999999999998,1.0000000000000002,278,1,38,38,0.04588881767744354,22.43963184426989,0.08880918526926974,1.0963688039029463e-12,0.0003699105371338524,0.03880655025079077,7.152448122690996e-18,0.9999999999999959,1.18250185550849,1.0,50,50,0.04588881767744354,22.43963184426989,0.08880918526926974,3.089008538184594e-16,1.67279327202546e-05,0.03880655025079077,7.152448122690996e-18,1.0,1.18250185550849,1.0,1.2798180999816395
490,278,486,216.59803268309247,-0.008418170603224208,0.04090565878718591,0.041762884444428265,20.46381337776985,6.938893903907228e-18,0.04938310560767375,24.197721747760138,0.9999999999999998,1.0000000000000004,278,1,38,38,0.04938310560767375,24.197721747760138,0.09529392602435563,1.234018859632124e-12,0.00036877873587969436,0.04176288444442827,6.938893903907228e-18,0.9999999999999962,1.1824639572821012,1.0,50,50,0.04938310560767375,24.197721747760138,0.09529392602435563,3.537345473175347e-16,1.665972511453561e-05,0.04176288444442827,6.938893903907228e-18,1.0,1.1824639572821012,1.0,0.8521364000043832
491,279,487,217.23351995962352,-0.008641760332546855,0.03856099551104577,0.03951746950967473,19.403077529250293,2.110382192020081e-17,0.046728563393383896,22.943724626151493,0.9999999999999998,0.9999999999999991,279,1,38,38,0.046728563393383896,22.943724626151493,0.0903720732627855,1.1215788143815165e-12,0.00036765269442486694,0.03951746950967475,2.110382192020081e-17,0.9999999999999961,1.1824786347198606,1.0,50,50,0.046728563393383896,22.943724626151493,0.0903720732627855,3.1547957206675604e-16,1.659193383136788e-05,0.03951746950967475,2.110382192020081e-17,1.0,1.1824786347198606,1.0,0.7207755999988876
492,279,488,217.4289291926729,-0.008288932647693965,0.04165026348281191,0.0424670560861671,20.893791594394212,1.5515838457795457e-17,0.05021476682884613,24.705665279792296,0.9999999999999998,0.999999999999999,279,1,38,38,0.05021476682884613,24.705665279792296,0.09683338311386226,1.2603316793516162e-12,0.0003665323718160294,0.04246705608616711,1.5515838457795457e-17,0.9999999999999962,1.1824404952148948,1.0,50,50,0.05021476682884613,24.705665279792296,0.09683338311386226,3.606487007147464e-16,1.6524555489457333e-05,0.04246705608616711,1.5515838457795457e-17,0.9999999999999999,1.1824404952148948,1.0,0.6783092999830842
493,280,489,218.06447773695035,-0.008518232653636361,0.039312257879838906,0.040224543591598806,19.83069999065821,8.673617379884035e-18,0.04756373296748306,23.44892035296915,0.9999999999999998,0.9999999999999987,280,1,38,38,0.04756373296748306,23.44892035296915,0.09192445105059534,1.1468418516536928e-12,0.0003654177274734645,0.04022454359159882,8.673617379884035e-18,0.999999999999996,1.1824555040424896,1.0,50,50,0.04756373296748306,23.44892035296915,0.09192445105059534,3.220544143791067e-16,1.6457586741768122e-05,0.04022454359159882,8.673617379884035e-18,1.0,1.1824555040424896,1.0,0.7220540999842342
494,280,490,218.25981031159094,-0.008158692815162967,0.04238912383417144,0.04316714129845655,21.324567801437535,1.734723475976807e-18,0.05104156723485869,25.214534214020194,0.9999999999999998,0.9999999999999988,280,1,38,38,0.05104156723485869,25.214534214020194,0.0983619055490054,1.2866807752870611e-12,0.0003643087211869211,0.04316714129845655,1.734723475976807e-18,0.9999999999999963,1.1824171279251168,1.0,50,50,0.05104156723485869,25.214534214020194,0.0983619055490054,3.6755281618293446e-16,1.6391024275106952e-05,0.04316714129845655,1.734723475976807e-18,1.0,1.1824171279251168,1.0,0.6922752999817021
495,281,491,218.89541970595164,-0.008393366172143386,0.04005783379075472,0.0409277246338886,20.259223693774857,7.757919228897728e-18,0.04839427025753493,23.95516377747979,0.9999999999999998,1.0000000000000004,281,1,38,38,0.04839427025753493,23.95516377747979,0.09346625084039115,1.1721539557300627e-12,0.0003632053131115109,0.0409277246338886,7.757919228897728e-18,0.9999999999999961,1.1824324633347427,1.0,50,50,0.04839427025753493,23.95516377747979,0.09346625084039115,3.2862444672117917e-16,1.6324864809713294e-05,0.0409277246338886,7.757919228897728e-18,1.0,1.1824324633347427,1.0,0.7058755000180099
496,282,492,219.5308481387578,-0.00860936522999161,0.037741079160616045,0.03871059578295425,19.200455508345307,7.152448122690996e-18,0.04577321290933706,22.70351360303118,0.9999999999999998,0.9999999999999986,282,1,38,38,0.04577321290933706,22.70351360303118,0.088598615225295,1.065450878024782e-12,0.00036210746376365906,0.03871059578295425,7.152448122690996e-18,0.9999999999999958,1.1824466139963867,1.0,50,50,0.04577321290933706,22.70351360303118,0.088598615225295,2.9319691292812983e-16,1.625910509885536e-05,0.03871059578295425,7.152448122690996e-18,1.0,1.1824466139963867,1.0,0.5034620999940671
497,282,493,219.72634605925774,-0.008267305817496393,0.04079775067232522,0.04162697209023523,20.68860512884691,1.4304896245381992e-17,0.04922012777439053,24.462403503872096,0.9999999999999998,0.9999999999999984,282,1,38,38,0.04922012777439053,24.462403503872096,0.0949974211045125,1.1975113720729194e-12,0.0003610151340171079,0.04162697209023524,1.4304896245381992e-17,0.999999999999996,1.1824095124597471,1.0,50,50,0.04922012777439053,24.462403503872096,0.0949974211045125,3.351887968221573e-16,1.619374192843176e-05,0.04162697209023524,1.4304896245381992e-17,1.0,1.1824095124597471,1.0,0.47182199999224395
498,283,494,220.36183529536243,-0.00848908379277981,0.038487428607658795,0.03941251964123164,19.627434781333356,7.152448122690996e-18,0.046602308714173084,23.207949739658197,0.9999999999999998,1.0000000000000002,283,1,38,38,0.046602308714173084,23.207949739658197,0.09014210831325957,1.0897930876066123e-12,0.00035992828509897256,0.039412519641231644,7.152448122690996e-18,0.999999999999996,1.1824239895949156,1.0,50,50,0.046602308714173084,23.207949739658197,0.09014210831325957,2.994359145929276e-16,1.6128772116578765e-05,0.039412519641231644,7.152448122690996e-18,1.0,1.1824239895949156,1.0,0.4966174000001047
499,283,495,220.5572569864804,-0.008140184046336756,0.04153203941812112,0.042322250584492814,21.118803041661913,6.938893903907228e-18,0.05004126414281027,24.970590807262326,0.9999999999999998,1.0000000000000002,283,1,38,38,0.05004126414281027,24.970590807262326,0.09651792163958185,1.2229104934864547e-12,0.00035884687858584786,0.04232225058449282,6.938893903907228e-18,0.999999999999996,1.1823866512700476,1.0,50,50,0.05004126414281027,24.970590807262326,0.09651792163958185,3.4174663725401966e-16,1.606419251328308e-05,0.04232225058449282,6.938893903907228e-18,1.0,1.1823866512700476,1.0,0.4626320000097621
500,284,496,221.19280661592782,-0.008367396941950945,0.039228214023613976,0.0401106732312814,20.0553366156407,1.4304896245381992e-17,0.04742691819810092,23.71345909905046,0.9999999999999998,0.9999999999999984,284,1,38,38,0.04742691819810092,23.71345909905046,0.091675303669332,1.11418906251039e-12,0.00035777087639996636,0.04011067323128141,1.4304896245381992e-17,0.999999999999996,1.1824014502233222,1.0,50,50,0.04742691819810092,23.71345909905046,0.091675303669332,3.0567318618924357e-16,1.6e-05,0.04011067323128141,1.4304896245381992e-17,1.0,1.1824014502233222,1.0,0.5390705000027083
501,285,497,221.8281774710129,-0.00857598903457581,0.03693876319992919,0.037921231713403086,18.998537088414945,1.4304896245381992e-17,0.044838636758863425,22.464157016190576,0.9999999999999998,1.0000000000000013,285,1,38,38,0.044838636758863425,22.464157016190576,0.08686091374017466,1.0128365625158006e-12,0.0003567002408054054,0.03792123171340309,1.4304896245381992e-17,0.9999999999999958,1.1824150939436762,1.0,50,50,0.044838636758863425,22.464157016190576,0.08686091374017466,2.728161113873484e-16,1.5936191489276934e-05,0.03792123171340309,1.4304896245381992e-17,1.0,1.1824150939436762,1.0,0.6030933999863919
502,285,498,222.02376229118542,-0.008244454031168587,0.03996345844996856,0.04080501235821913,20.484116203826,7.152448122690996e-18,0.0482469895354638,24.21998874680283,0.9999999999999998,1.0000000000000013,285,1,38,38,0.0482469895354638,24.21998874680283,0.09319814038584007,1.1386351046238395e-12,0.00035563493440434406,0.040805012358219137,7.152448122690996e-18,0.999999999999996,1.1823789957937771,1.0,50,50,0.0482469895354638,24.21998874680283,0.09319814038584007,3.119078587061979e-16,1.5872763924382153e-05,0.040805012358219137,7.152448122690996e-18,1.0,1.1823789957937771,1.0,0.537900900002569
503,286,499,222.65919349075946,-0.008458897592653019,0.03768022029151887,0.03861802622740294,19.42486719238368,7.152448122690996e-18,0.04566168238480883,22.967826239558843,0.9999999999999998,0.9999999999999998,286,1,38,38,0.04566168238480883,22.967826239558843,0.08839548694543964,1.0363008439022974e-12,0.00035457492013336764,0.03861802622740295,7.152448122690996e-18,0.9999999999999958,1.1823929611505568,1.0,50,50,0.04566168238480883,22.967826239558843,0.08839548694543964,2.787390933398838e-16,1.5809714278938694e-05,0.03861802622740295,7.152448122690996e-18,1.0,1.1823929611505568,1.0,0.5854316999902949
504,286,500,222.85470250891302,-0.008120390941449727,0.04069318923985526,0.041495498545657344,20.9137312670113,9.813077866773595e-18,0.0490624776632022,24.72748874225391,0.9999999999999998,0.9999999999999999,286,1,38,38,0.0490624776632022,24.72748874225391,0.09471057018473632,1.1631276708227769e-12,0.0003535201612598206,0.04149549854565735,9.813077866773595e-18,0.9999999999999961,1.1823566262065495,1.0,50,50,0.0490624776632022,24.72748874225391,0.09471057018473632,3.1813910922171707e-16,1.5747039556563368e-05,0.04149549854565735,9.813077866773595e-18,1.0,1.1823566262065495,1.0,0.4789832000096794
505,287,501,223.4901936505215,-0.008340334568192553,0.038416233731334626,0.039311171374177084,19.852141543959426,7.757919228897728e-18,0.046480385419248316,23.472594636720398,0.9999999999999998,0.9999999999999996,287,1,38,38,0.046480385419248316,23.472594636720398,0.0899200395316686,1.0598230253421894e-12,0.0003524706213782058,0.03931117137417709,7.757919228897728e-18,0.9999999999999958,1.1823709086873098,1.0,50,50,0.046480385419248316,23.472594636720398,0.0899200395316686,2.846630235229005e-16,1.5684736790510734e-05,0.03931117137417709,7.757919228897728e-18,1.0,1.1823709086873098,1.0,0.6421712999872398
506,287,502,223.68562745399217,-0.007995332414139196,0.04141743704018462,0.04218209847068116,21.34414182616467,1.4821483875836085e-17,0.04987334361237179,25.23591186786013,0.9999999999999998,0.9999999999999997,287,1,38,38,0.04987334361237179,25.23591186786013,0.09621255609573683,1.1876633606185183e-12,0.00035142626440663006,0.042182098470681176,1.4821483875836085e-17,0.9999999999999961,1.1823343413565937,1.0,50,50,0.04987334361237179,25.23591186786013,0.09621255609573683,3.243661571015465e-16,1.5622803043322032e-05,0.042182098470681176,1.4821483875836085e-17,1.0,1.1823343413565937,1.0,0.6841344999847934
507,288,503,224.32117813913825,-0.00822045282830907,0.039146821878750106,0.04000061884407593,20.280313753946498,1.734723475976807e-17,0.04729468914958641,23.978407398840307,0.9999999999999998,1.0000000000000004,288,1,38,38,0.04729468914958641,23.978407398840307,0.09143450014512704,1.0833994533254913e-12,0.00035038705458329586,0.04000061884407594,1.734723475976807e-17,0.9999999999999958,1.1823489364987843,1.0,50,50,0.04729468914958641,23.978407398840307,0.09143450014512704,2.905870370258774e-16,1.556123540647892e-05,0.04000061884407594,1.734723475976807e-17,1.0,1.1823489364987843,1.0,0.6800837999908254
508,289,504,224.95655253344214,-0.00842773979168948,0.03689008671431696,0.037840524517853226,19.22298645506944,1.1107649934270853e-17,0.04474121372952097,22.728536574596653,0.9999999999999998,0.9999999999999994,289,1,38,38,0.04474121372952097,22.728536574596653,0.08668357266044562,9.86093420870997e-13,0.0003493529564630369,0.03784052451785323,1.1107649934270853e-17,0.9999999999999957,1.1823624090731615,1.0,51,51,0.04474121372952097,22.728536574596653,0.08668357266044562,1.2002404786005385e-16,1.5500031000062e-05,0.03784052451785323,1.1107649934270853e-17,1.0,1.1823624090731615,1.0,0.7613902000011876
509,289,505,225.15214714255478,-0.0080993918429172,0.03987200869699854,0.04068632725816673,20.709340574406866,9.813077866773595e-18,0.0481045450599257,24.48521343550218,0.9999999999999998,0.9999999999999994,289,1,38,38,0.0481045450599257,24.48521343550218,0.09293881288823583,1.1070266545511272e-12,0.00034832393491389884,0.04068632725816674,9.813077866773595e-18,0.9999999999999959,1.1823270445299274,1.0,51,51,0.0481045450599257,24.48521343550218,0.09293881288823583,1.3716758196638947e-16,1.543918697241403e-05,0.04068632725816674,9.813077866773595e-18,1.0,1.1823270445299274,1.0,0.6211832000117283
510,290,506,225.78758103298384,-0.008312246156131343,0.03762134654143595,0.03852867960040852,19.649626596208343,1.4304896245381992e-17,0.04555403100162326,23.23255581082786,0.9999999999999998,1.0000000000000002,290,1,38,38,0.04555403100162326,23.23255581082786,0.08819944500472773,1.008781889942118e-12,0.00034729995511376284,0.038528679600408525,1.4304896245381992e-17,0.9999999999999959,1.1823408295865985,1.0,51,51,0.04555403100162326,23.23255581082786,0.08819944500472773,1.225983843074986e-16,1.5378700499807768e-05,0.038528679600408525,1.4304896245381992e-17,1.0,1.1823408295865985,1.0,0.5407342000107747
511,290,507,225.98310084387768,-0.00797727924411684,0.0405918215782036,0.04136826033537467,21.139181031376456,2.110382192020081e-17,0.048909910662885456,24.992964348734468,0.9999999999999998,1.0000000000000002,290,1,38,38,0.048909910662885456,24.992964348734468,0.09443293309250406,1.1307012895863857e-12,0.0003462809825470128,0.04136826033537469,2.110382192020081e-17,0.9999999999999958,1.1823052327163441,1.0,51,51,0.048909910662885456,24.992964348734468,0.09443293309250406,1.3987605077131404e-16,1.5318568786118314e-05,0.04136826033537469,2.110382192020081e-17,1.0,1.1823052327163441,1.0,0.559648800001014
512,291,508,226.61859383912542,-0.008195370481505948,0.03834729601780393,0.039213252979142396,20.077185525320907,2.0888836804026048e-17,0.046362586829813535,23.73764445686453,0.9999999999999998,0.9999999999999969,291,1,38,38,0.046362586829813535,23.73764445686453,0.08970549124359077,1.0315283060273898e-12,0.00034526698300124393,0.03921325297914242,2.0888836804026048e-17,0.9999999999999954,1.182319325929779,1.0,51,51,0.046362586829813535,23.73764445686453,0.08970549124359077,1.2517291678676696e-16,1.52587890625e-05,0.03921325297914242,2.0888836804026048e-17,0.9999999999999999,1.182319325929779,1.0,0.7163830000208691
513,292,509,227.25391262072807,-0.00839566651757771,0.03611650356088698,0.03707949629833093,19.02178160104377,2.110382192020081e-17,0.04384028702524738,22.490067243951906,0.9999999999999998,1.0000000000000002,292,1,38,38,0.04384028702524738,22.490067243951906,0.08500538634963029,9.38923456740616e-13,0.000344257922564014,0.03707949629833095,2.110382192020081e-17,0.9999999999999956,1.1823323238406767,1.0,51,51,0.04384028702524738,22.490067243951906,0.08500538634963029,1.117729114983055e-16,1.5199358587067625e-05,0.03707949629833095,2.110382192020081e-17,1.0,1.1823323238406767,1.0,0.803296500002034
514,292,510,227.44959113598452,-0.008077256573248159,0.03906795528222568,0.03989420012588379,20.505618864704267,2.1457344368072987e-17,0.047166828954901936,24.243750082819595,0.9999999999999998,1.0000000000000004,292,1,38,38,0.047166828954901936,24.243750082819595,0.09120164729535332,1.0543292590072022e-12,0.0003432537676196349,0.03989420012588381,2.1457344368072987e-17,0.9999999999999958,1.1822978980921988,1.0,51,51,0.047166828954901936,24.243750082819595,0.09120164729535332,1.277472844522023e-16,1.5140274644582053e-05,0.03989420012588381,2.1457344368072987e-17,1.0,1.1822978980921988,1.0,0.5992538999998942
515,293,511,228.0849689731625,-0.00828319076308596,0.03684303118981799,0.03776268259103919,19.447781534385182,2.797157557069881e-17,0.04464724271742743,22.993329999475126,0.9999999999999998,1.0000000000000007,293,1,38,38,0.04464724271742743,22.993329999475126,0.08651254984608778,9.608162492062907e-13,0.00034225448484600526,0.037762682591039216,2.797157557069881e-17,0.9999999999999957,1.1823112039191277,1.0,51,51,0.04464724271742743,22.993329999475126,0.08651254984608778,1.1421727892106785e-16,1.508153454614007e-05,0.037762682591039216,2.797157557069881e-17,1.0,1.1823112039191277,1.0,0.60752119999961
516,293,512,228.2805731048952,-0.007958035376643422,0.03978334842774922,0.04057148184599134,20.93488463253153,1.3985787785349405e-17,0.047966711425014394,24.750823095307428,0.9999999999999998,1.0000000000000009,293,1,38,38,0.047966711425014394,24.750823095307428,0.09268786089400274,1.0771814721015544e-12,0.0003412600412114821,0.04057148184599135,1.3985787785349405e-17,0.9999999999999958,1.182276546050135,1.0,51,51,0.047966711425014394,24.750823095307428,0.09268786089400274,1.3032114422839672e-16,1.5023135628868457e-05,0.04057148184599135,1.3985787785349405e-17,1.0,1.182276546050135,1.0,0.7651759999862406
517,294,513,228.91600961334714,-0.008169270148289888,0.037564361916136754,0.0384424018620357,19.874721762672458,2.1457344368072987e-17,0.04545007327910541,23.4976878852975,0.9999999999999998,0.9999999999999992,294,1,38,38,0.04545007327910541,23.4976878852975,0.08801015115184056,9.827702453568502e-13,0.000340270403971793,0.038442401862035715,2.1457344368072987e-17,0.9999999999999954,1.182290155600039,1.0,51,51,0.04545007327910541,23.4976878852975,0.08801015115184056,1.1666286054331285e-16,1.4965075255622192e-05,0.038442401862035715,2.1457344368072987e-17,1.0,1.182290155600039,1.0,0.6685148999968078
518,295,514,229.55127393772707,-0.008362733223076693,0.03535897155388338,0.03633444889232097,18.821244526222262,2.1457344368072987e-17,0.042958316889566465,22.25240814879543,0.9999999999999998,1.0,295,1,38,38,0.042958316889566465,22.25240814879543,0.08335999611487734,8.945655900014389e-13,0.00033928554066698594,0.03633444889232099,2.1457344368072987e-17,0.9999999999999952,1.1823026961789256,1.0,51,51,0.042958316889566465,22.25240814879543,0.08335999611487734,1.0420528245188286e-16,1.4907350814686721e-05,0.03633444889232099,2.1457344368072987e-17,1.0,1.1823026961789256,1.0,0.6521436000184622
519,295,515,229.7470347235762,-0.0080540521393533,0.03828051135308477,0.03911860561570509,20.30255631455094,7.152448122690996e-18,0.04624872174102707,24.00308658359305,0.9999999999999998,1.0,295,1,38,38,0.04624872174102707,24.00308658359305,0.08949811612940571,1.0047820766421535e-12,0.0003383054191184178,0.03911860561570509,7.152448122690996e-18,0.9999999999999954,1.1822691789008815,1.0,51,51,0.04624872174102707,24.00308658359305,0.08949811612940571,1.191092983618898e-16,1.484995971948426e-05,0.03911860561570509,7.152448122690996e-18,1.0,1.1822691789008815,1.0,0.638027900015004
520,296,516,230.38235766829771,-0.008253227434309307,0.036080787676902135,0.037012687047391316,19.246597264643484,1.4304896245381992e-17,0.04375943451489936,22.754905947747666,0.9999999999999998,0.9999999999999998,296,1,38,38,0.04375943451489936,22.754905947747666,0.08485842291273166,9.15698711806725e-13,0.0003373300074257805,0.03701268704739133,1.4304896245381992e-17,0.9999999999999956,1.182282022887705,1.0,51,51,0.04375943451489936,22.754905947747666,0.08485842291273166,1.0652734942039231e-16,1.4792899408284024e-05,0.03701268704739133,1.4304896245381992e-17,1.0,1.182282022887705,1.0,0.8886742999893613
521,296,517,230.57804448341676,-0.007937671097360101,0.038991500353659996,0.03979125183101599,20.731242203959333,2.1457344368072987e-17,0.047043138790946085,24.50947531008291,0.9999999999999998,0.9999999999999998,296,1,38,38,0.047043138790946085,24.50947531008291,0.09097638511850616,1.0268485306596618e-12,0.0003363592739641639,0.03979125183101601,2.1457344368072987e-17,0.9999999999999957,1.1822482738348403,1.0,51,51,0.047043138790946085,24.50947531008291,0.09097638511850616,1.2155625447270847e-16,1.4736167343916357e-05,0.03979125183101601,2.1457344368072987e-17,1.0,1.1822482738348403,1.0,0.6905318000062834
522,297,518,231.21342567100405,-0.008142213095978268,0.036797518699004085,0.03768757111441218,19.672912121723158,1.3985787785349405e-17,0.04455656123511056,23.258524964727712,0.9999999999999998,0.9999999999999998,297,1,38,38,0.04455656123511056,23.258524964727712,0.08634754838132648,9.368958816984226e-13,0.00033539318738115597,0.0376875711144122,1.3985787785349405e-17,0.9999999999999953,1.1822614171617867,1.0,51,51,0.04455656123511056,23.258524964727712,0.08634754838132648,1.0885151202371101e-16,1.46797610134907e-05,0.0376875711144122,1.3985787785349405e-17,1.0,1.1822614171617867,1.0,0.6927507999935187
523,297,519,231.40903906976234,-0.00782025009711416,0.03969735314582058,0.04046030348830079,21.160738724381314,1.3985787785349405e-17,0.04783328103103991,25.016805979233872,0.9999999999999998,0.9999999999999999,297,1,38,38,0.04783328103103991,25.016805979233872,0.0924449095299553,1.0489665165208352e-12,0.0003344317165939779,0.040460303488300806,1.3985787785349405e-17,0.9999999999999956,1.1822274404063982,1.0,51,51,0.04783328103103991,25.016805979233872,0.0924449095299553,1.2400340678311597e-16,1.4623677928117311e-05,0.040460303488300806,1.3985787785349405e-17,1.0,1.1822274404063982,1.0,0.5605562000127975
524,298,520,232.04447812632174,-0.008029841133244892,0.037509176379436945,0.03835904927509103,20.1001418201477,2.1457344368072987e-17,0.04534963613441187,23.76320933443182,0.9999999999999998,0.999999999999999,298,1,38,38,0.04534963613441187,23.76320933443182,0.0878272898022245,9.581537896386386e-13,0.0003334748307866557,0.03835904927509106,2.1457344368072987e-17,0.9999999999999954,1.182240879047549,1.0,51,51,0.04534963613441187,23.76320933443182,0.0878272898022245,1.111774183469056e-16,1.4567915622632714e-05,0.03835904927509106,2.1457344368072987e-17,0.9999999999999999,1.182240879047549,1.0,0.4783051999984309
525,299,521,232.67974730376585,-0.008222407504923878,0.03533413302510454,0.0362782158025007,19.046063296312866,2.0888836804026048e-17,0.042890039544814705,22.51727076102772,0.9999999999999998,0.9999999999999987,299,1,38,38,0.042890039544814705,22.51727076102772,0.0832361593571954,8.732215673732412e-13,0.0003325224994072265,0.03627821580250073,2.0888836804026048e-17,0.9999999999999951,1.182253277788216,1.0,51,51,0.042890039544814705,22.51727076102772,0.0832361593571954,9.946173872616491e-17,1.4512471655328798e-05,0.03627821580250073,2.0888836804026048e-17,1.0,1.182253277788216,1.0,0.5299021999817342
526,299,522,232.87551521205685,-0.007916250021405622,0.03821577824419541,0.03902707676999296,20.528242381016298,2.1457344368072987e-17,0.046138606645386,24.268907095473036,0.9999999999999998,0.9999999999999986,299,1,38,38,0.046138606645386,24.268907095473036,0.08929758032306682,9.794692892173763e-13,0.000331574692164979,0.03902707676999298,2.1457344368072987e-17,0.9999999999999956,1.1822204085974723,1.0,51,51,0.046138606645386,24.268907095473036,0.08929758032306682,1.1350473697443087e-16,1.4457343607685523e-05,0.03902707676999298,2.1457344368072987e-17,0.9999999999999999,1.1822204085974723,1.0,0.5318054999806918
527,300,523,233.51084220905426,-0.008114252184767018,0.036046285943503745,0.03694828573613168,19.471746582941396,2.823925224926892e-17,0.04368148647282539,23.02014337117898,0.9999999999999998,1.0000000000000009,300,1,38,38,0.04368148647282539,23.02014337117898,0.08471678511194823,8.936956938770443e-13,0.0003306313790277284,0.036948285736131715,2.823925224926892e-17,0.9999999999999953,1.1822331023631043,1.0,51,51,0.04368148647282539,23.02014337117898,0.08471678511194823,1.0167156386415733e-16,1.4402529084107169e-05,0.036948285736131715,2.823925224926892e-17,1.0,1.1822331023631043,1.0,0.5706158000102732
528,300,524,233.7065371033939,-0.007801566032768748,0.0389173454755684,0.03969161386777307,20.95717212218418,2.168404344971009e-17,0.04692342614671044,24.77556900546311,0.9999999999999998,1.0000000000000009,300,1,38,38,0.04692342614671044,24.77556900546311,0.09075836426709483,1.0008393502809056e-12,0.0003296925302191247,0.03969161386777309,2.168404344971009e-17,0.9999999999999954,1.182200005850836,1.0,51,51,0.04692342614671044,24.77556900546311,0.09075836426709483,1.1583315132103456e-16,1.4348025711662075e-05,0.03969161386777309,2.168404344971009e-17,1.0,1.182200005850836,1.0,0.6905734000029042
529,301,525,234.34192155260166,-0.008004679376594933,0.0367534725719092,0.03761505866027815,19.898366031287143,2.1942709178604383e-17,0.044469010995576735,23.524106816660094,0.9999999999999998,1.0000000000000004,301,1,38,38,0.044469010995576735,23.524106816660094,0.08618827835975469,9.142331143646864e-13,0.0003287581162159941,0.03761505866027817,2.1942709178604383e-17,0.9999999999999954,1.1822129907386378,1.0,51,51,0.044469010995576735,23.524106816660094,0.08618827835975469,1.0388390335723749e-16,1.4293831139825829e-05,0.03761505866027817,2.1942709178604383e-17,1.0,1.1822129907386378,1.0,0.6733795000181999
530,302,526,234.97713805376938,-0.008190779242948405,0.034602608416012745,0.035558815697357395,18.846172319599418,2.110382192020081e-17,0.04203851946987976,22.280415319036276,0.9999999999999998,0.9999999999999999,302,1,38,38,0.04203851946987976,22.280415319036276,0.08164489932774634,8.331950475286966e-13,0.00032782810774571275,0.03555881569735741,2.110382192020081e-17,0.999999999999995,1.1822249601244148,1.0,51,51,0.04203851946987976,22.280415319036276,0.08164489932774634,9.296097341106158e-17,1.423994304022784e-05,0.03555881569735741,2.110382192020081e-17,1.0,1.1822249601244148,1.0,0.5353378999861889
531,302,527,235.17298551045923,-0.007893831387135274,0.037455706159592664,0.038278486097052866,20.32587611753507,2.8609792490763984e-17,0.04525255613238053,24.029107306294062,0.9999999999999998,0.9999999999999998,302,1,38,38,0.04525255613238053,24.029107306294062,0.08765056281233072,9.348307231234658e-13,0.000326902475783613,0.0382784860970529,2.8609792490763984e-17,0.9999999999999952,1.1821929429927118,1.0,51,51,0.04525255613238053,24.029107306294062,0.08765056281233072,1.0609843026636892e-16,1.418635910640124e-05,0.0382784860970529,2.8609792490763984e-17,1.0,1.1821929429927118,1.0,0.5052559000032488
532,303,528,235.80825941292036,-0.008085439849213864,0.03531020483647515,0.03622409285474363,19.27121739872361,1.5515838457795457e-17,0.04282431105229932,22.78253347982324,0.9999999999999998,1.0000000000000018,303,1,38,38,0.04282431105229932,22.78253347982324,0.0831170041576865,8.529781527904781e-13,0.00032598119155042107,0.03622409285474364,1.5515838457795457e-17,0.9999999999999951,1.1822052031509018,1.0,51,51,0.04282431105229932,22.78253347982324,0.0831170041576865,9.506310810710701e-17,1.4133077053536096e-05,0.03622409285474364,1.5515838457795457e-17,1.0,1.1822052031509018,1.0,0.6110391999827698
533,303,529,236.00403425610872,-0.007781837780824383,0.03815300479371483,0.03893852557604476,20.754234132031858,2.2899006965691896e-17,0.046032072006941344,24.535094379699736,0.9999999999999998,1.0000000000000018,303,1,38,38,0.046032072006941344,24.535094379699736,0.08910357564607747,9.554855490078195e-13,0.00032506422650972603,0.03893852557604479,2.2899006965691896e-17,0.9999999999999954,1.1821729591954704,1.0,51,51,0.046032072006941344,24.535094379699736,0.08910357564607747,1.0831483423478184e-16,1.4080094618235834e-05,0.03893852557604479,2.2899006965691896e-17,1.0,1.1821729591954704,1.0,0.5065645999857225
534,304,530,236.6393651989052,-0.007978622478879652,0.03601294023443749,0.036886180081294004,19.697220163410996,2.964296775167217e-17,0.04360630747622648,23.28576819230494,0.9999999999999998,1.0000000000000007,304,1,38,38,0.04360630747622648,23.28576819230494,0.08458022470495745,8.72826768103674e-13,0.00032415155236547975,0.03688618008129403,2.964296775167217e-17,0.9999999999999952,1.1821855063365707,1.0,51,51,0.04360630747622648,23.28576819230494,0.08458022470495745,9.716842143475152e-17,1.4027409558276873e-05,0.03688618008129403,2.964296775167217e-17,0.9999999999999999,1.1821855063365707,1.0,0.4834768000000622
535,304,531,236.8350679605071,-0.007668817351365721,0.03884538986899474,0.039595139520436175,21.183399643433354,9.813077866773595e-18,0.04680751452990602,25.042020273499723,0.9999999999999998,1.0000000000000007,304,1,38,38,0.04680751452990602,25.042020273499723,0.09054726491781684,9.7619473131904e-13,0.00032324314105952666,0.03959513952043619,9.813077866773595e-18,0.9999999999999954,1.1821530394089743,1.0,51,51,0.04680751452990602,25.042020273499723,0.09054726491781684,1.1053281862098989e-16,1.3975019652371386e-05,0.03959513952043619,9.813077866773595e-18,1.0,1.1821530394089743,1.0,0.575584499980323
536,305,532,237.4704555860299,-0.007870472689089643,0.036710824058828466,0.03754502554837278,20.12413369392781,2.964296775167217e-17,0.04438444778331706,23.790064011857943,0.9999999999999998,1.0000000000000009,305,1,38,38,0.04438444778331706,23.790064011857943,0.08603447608798313,8.927378372071568e-13,0.0003223389647691642,0.03754502554837281,2.964296775167217e-17,0.9999999999999953,1.1821658697803363,1.0,51,51,0.04438444778331706,23.790064011857943,0.08603447608798313,9.927659273900325e-17,1.392292269993317e-05,0.03754502554837281,2.964296775167217e-17,0.9999999999999999,1.1821658697803363,1.0,0.4572304999746848
537,306,533,238.1056774571528,-0.008055823829367406,0.034588830176344766,0.035514552940137396,19.07131492885378,2.3273757686693185e-17,0.04198451292214149,22.54568343918998,0.9999999999999998,0.9999999999999982,306,1,38,38,0.04198451292214149,22.54568343918998,0.08154736943798149,8.145677776167327e-13,0.0003214389959047323,0.035514552940137424,2.3273757686693185e-17,0.999999999999995,1.1821777115682612,1.0,51,51,0.04198451292214149,22.54568343918998,0.08154736943798149,8.89727080321132e-17,1.3871116520846555e-05,0.035514552940137424,2.3273757686693185e-17,1.0,1.1821777115682612,1.0,0.5494715000095312
538,306,534,238.3015307460782,-0.007761123840298976,0.03740387144256033,0.03820058431694517,20.5519143625165,1.734723475976807e-17,0.045158679163075456,24.295369389734596,0.9999999999999998,0.9999999999999982,306,1,38,38,0.045158679163075456,24.295369389734596,0.08747968895818138,9.127084534421223e-13,0.0003205432071072319,0.03820058431694518,1.734723475976807e-17,0.9999999999999953,1.1821462935854568,1.0,51,51,0.045158679163075456,24.295369389734596,0.08747968895818138,1.0138731923938101e-16,1.3819598955238318e-05,0.03820058431694518,1.734723475976807e-17,0.9999999999999999,1.1821462935854568,1.0,0.7359475999837741
539,307,535,238.93680925051052,-0.007951718711270305,0.03528713562470076,0.03617197493998899,19.49669449265407,2.9079264368403834e-17,0.04276100468093995,23.04818152302663,0.9999999999999998,0.9999999999999974,307,1,38,38,0.04276100468093995,23.04818152302663,0.08300229679790264,8.337576526369714e-13,0.00031965157124597257,0.03617197493998903,2.9079264368403834e-17,0.9999999999999951,1.1821584182749896,1.0,51,51,0.04276100468093995,23.04818152302663,0.08300229679790264,9.097713794602875e-17,1.3768367863252571e-05,0.03617197493998903,2.9079264368403834e-17,1.0,1.1821584182749896,1.0,0.5159370000183117
540,307,536,239.132590848362,-0.007650697762803755,0.03809210097473221,0.03885281628050874,20.98052079147472,2.1457344368072987e-17,0.045928954519813575,24.801635440699332,0.9999999999999998,0.9999999999999974,307,1,38,38,0.045928954519813575,24.801635440699332,0.08891580474727474,9.327358139451255e-13,0.0003187640614162483,0.03885281628050876,2.1457344368072987e-17,0.9999999999999953,1.1821267778432503,1.0,51,51,0.045928954519813575,24.801635440699332,0.08891580474727474,1.0350031080030518e-16,1.3717421124828532e-05,0.03885281628050876,2.1457344368072987e-17,0.9999999999999999,1.1821267778432503,1.0,0.4806457000086084
541,308,537,239.76792563462578,-0.007846223910792068,0.03598069057585288,0.036826258620358834,19.92300591361413,1.5515838457795457e-17,0.04353376323406289,23.551765909628024,0.9999999999999998,0.999999999999999,308,1,38,38,0.04353376323406289,23.551765909628024,0.08444849476833141,8.530119750368441e-13,0.00031788065093704085,0.03682625862035885,1.5515838457795457e-17,0.9999999999999952,1.1821391817955658,1.0,51,51,0.04353376323406289,23.551765909628024,0.08444849476833141,9.298500692384661e-17,1.366675663948121e-05,0.03682625862035885,1.5515838457795457e-17,1.0000000000000002,1.1821391817955658,1.0,0.45896439999341965
542,309,538,240.40309650605352,-0.008025446124712982,0.03388173847636163,0.0348192473738482,18.872032076625725,1.1107649934270853e-17,0.04116159486439634,22.30958441650282,0.9999999999999998,0.9999999999999982,309,1,38,38,0.04116159486439634,22.30958441650282,0.08000708388859207,7.783037847032874e-13,0.0003170013133487511,0.034819247373848214,1.1107649934270853e-17,0.9999999999999948,1.1821506198124119,1.0,51,51,0.04116159486439634,22.30958441650282,0.08000708388859207,8.335263808361312e-17,1.3616372326084885e-05,0.034819247373848214,1.1107649934270853e-17,1.0,1.1821506198124119,1.0,0.6136054999951739
543,309,539,240.59902677959965,-0.007739476775371893,0.03666950623762231,0.03747735567602845,20.350204132083448,5.204170427930421e-18,0.044302731776357365,24.056383354562048,0.9999999999999998,0.9999999999999982,309,1,38,38,0.044302731776357365,24.056383354562048,0.08588588541886029,8.723278801286231e-13,0.0003161260224109573,0.03747735567602846,5.204170427930421e-18,0.9999999999999952,1.1821200022576464,1.0,51,51,0.044302731776357365,24.056383354562048,0.08588588541886029,9.49960178250942e-17,1.3566266122659395e-05,0.03747735567602846,5.204170427930421e-18,1.0,1.1821200022576464,1.0,0.5008729999826755
544,310,540,241.2342538821108,-0.007924014133802981,0.034575636322340175,0.035472025979459344,19.296782132825882,6.938893903907228e-18,0.0419326070532153,22.811338236949123,0.9999999999999998,1.000000000000002,310,1,38,38,0.0419326070532153,22.811338236949123,0.08145370255014031,7.968634640393098e-13,0.00031525475210020004,0.035472025979459344,6.938893903907228e-18,0.999999999999995,1.182131719160813,1.0,51,51,0.0419326070532153,22.811338236949123,0.08145370255014031,8.526195149615977e-17,1.351643598615917e-05,0.035472025979459344,6.938893903907228e-18,1.0,1.182131719160813,1.0,0.4786257999949157
545,310,541,241.43011285310124,-0.007631602335092434,0.03735359825913567,0.03812522337122619,20.778246737318273,9.220181747203677e-18,0.04506786008888906,24.561983748444536,0.9999999999999998,1.0000000000000022,310,1,38,38,0.04506786008888906,24.561983748444536,0.08731440333030159,8.917026192719615e-13,0.000314387476607794,0.0381252233712262,9.220181747203677e-18,0.9999999999999951,1.182100879778782,1.0,51,51,0.04506786008888906,24.561983748444536,0.08731440333030159,9.700988720069905e-17,1.3466879892264961e-05,0.0381252233712262,9.220181747203677e-18,1.0,1.182100879778782,1.0,0.45696950002457015
546,311,542,242.0653958412031,-0.007821134941318754,0.035264883068990865,0.036121768085739046,19.72248537481352,1.4304896245381992e-17,0.04270000701477599,23.31420383006769,0.9999999999999998,1.0000000000000018,311,1,38,38,0.04270000701477599,23.31420383006769,0.0828918286442024,8.154893084395557e-13,0.0003135241703376651,0.03612176808573906,1.4304896245381992e-17,0.9999999999999947,1.182112872033915,1.0,51,51,0.04270000701477599,23.31420383006769,0.0828918286442024,8.717520256548127e-17,1.3417595835178253e-05,0.03612176808573906,1.4304896245381992e-17,1.0,1.182112872033915,1.0,0.4663342999992892
547,311,543,242.26118402042198,-0.007522715352206782,0.03803298553550287,0.03876982376815889,21.207093601182915,1.514782153580212e-17,0.04582910362652344,25.06851968370832,0.9999999999999998,1.0000000000000016,311,1,38,38,0.04582910362652344,25.06851968370832,0.08873399379478486,9.111335448667681e-13,0.0003126648079042141,0.038769823768158906,1.514782153580212e-17,0.9999999999999951,1.182081814469382,1.0,51,51,0.04582910362652344,25.06851968370832,0.08873399379478486,9.902634356881165e-17,1.3368581827418292e-05,0.038769823768158906,1.514782153580212e-17,1.0,1.182081814469382,1.0,0.47836380000808276
548,312,544,242.89652255174957,-0.007716949071594137,0.0359494861042558,0.036768421969587683,20.149095239334052,1.514782153580212e-17,0.04346373388877344,23.818126171047847,0.9999999999999998,1.0000000000000004,312,1,38,38,0.04346373388877344,23.818126171047847,0.08432137554090517,8.341784933172632e-13,0.00031180936413020474,0.036768421969587704,1.514782153580212e-17,0.9999999999999951,1.1820940785743719,1.0,51,51,0.04346373388877344,23.818126171047847,0.08432137554090517,8.909210010407346e-17,1.3319835899621716e-05,0.036768421969587704,1.514782153580212e-17,0.9999999999999999,1.1820940785743719,1.0,0.47670700002345257
549,313,545,243.53169925841632,-0.007895553447390537,0.03387803222419919,0.03478592864398591,19.097474825548264,1.6365348541700844e-17,0.04112063415389602,22.575228150488915,0.9999999999999998,1.0000000000000007,313,1,38,38,0.04112063415389602,22.575228150488915,0.07993367055244463,7.619951111056699e-13,0.00031095781404467753,0.03478592864398593,1.6365348541700844e-17,0.999999999999995,1.1821054017198218,1.0,51,51,0.04112063415389602,22.575228150488915,0.07993367055244463,7.99797932912952e-17,1.3271356100344723e-05,0.03478592864398593,1.6365348541700844e-17,1.0,1.1821054017198218,1.0,0.47855870000785217
550,313,546,243.72763417979093,-0.0076115850353141706,0.036629458316253534,0.03741194252230127,20.5765683872657,1.4821483875836085e-17,0.04422373463693777,24.323054050315772,0.9999999999999998,1.0000000000000007,313,1,38,38,0.04422373463693777,24.323054050315772,0.08574227156153362,8.529283287933675e-13,0.00031011013288088793,0.03741194252230128,1.4821483875836085e-17,0.9999999999999951,1.1820753389262262,1.0,51,51,0.04422373463693777,24.323054050315772,0.08574227156153362,9.101236830090641e-17,1.3223140495867768e-05,0.03741194252230128,1.4821483875836085e-17,1.0,1.1820753389262262,1.0,0.48262130000512116
551,314,547,244.36286638041736,-0.007795250776383469,0.03456299152791405,0.035431148979751775,19.522563087843228,9.220181747203677e-18,0.04188269825004427,23.077366735774394,0.9999999999999998,0.999999999999999,314,1,38,38,0.04188269825004427,23.077366735774394,0.0813637071264498,7.800192944818306e-13,0.0003092662960742686,0.03543114897975178,9.220181747203677e-18,0.9999999999999948,1.1820869335617492,1.0,51,51,0.04188269825004427,23.077366735774394,0.0813637071264498,8.180376112843839e-17,1.3175187170002735e-05,0.03543114897975178,9.220181747203677e-18,0.9999999999999999,1.1820869335617492,1.0,0.5202966000069864
552,314,548,244.55873088903027,-0.00750516041794408,0.0373048159641471,0.0380522893794573,21.00486373746043,7.757919228897728e-18,0.044979961831367196,24.828938930914692,0.9999999999999998,0.9999999999999991,314,1,39,39,0.044979961831367196,24.828938930914692,0.08715445565263633,2.6740110879249813e-13,0.00030842627926041616,0.03805228937945731,7.757919228897728e-18,0.9999999999999982,1.182056653223336,1.0,51,51,0.044979961831367196,24.828938930914692,0.08715445565263633,9.293574240323362e-17,1.312749422390254e-05,0.03805228937945731,7.757919228897728e-18,1.0,1.182056653223336,1.0,0.511601599981077
553,315,549,245.194018247005,-0.007693586510399229,0.03524340250524054,0.036073379291929275,19.94857874843689,6.938893903907228e-18,0.04264120592493164,23.580586876487196,0.9999999999999998,1.0,315,1,39,39,0.04264120592493164,23.580586876487196,0.0827853928820533,2.4424220306149535e-13,0.0003075900582731011,0.03607337929192928,6.938893903907228e-18,0.9999999999999982,1.1820685159505362,1.0,51,51,0.04264120592493164,23.580586876487196,0.0827853928820533,8.36318107030149e-17,1.3080059775873176e-05,0.03607337929192928,6.938893903907228e-18,1.0,1.1820685159505362,1.0,0.5225311999965925
554,316,550,245.82914553470687,-0.0078663738985628,0.03319393080400375,0.034113294776860516,18.898765306380724,8.673617379884035e-18,0.040324625026952526,22.3398422649317,0.9999999999999998,1.0,316,1,39,39,0.040324625026952526,22.3398422649317,0.07844145903323564,2.225776976661142e-13,0.00030675760914230133,0.03411329477686052,8.673617379884035e-18,0.9999999999999982,1.182079458777615,1.0,51,51,0.040324625026952526,22.3398422649317,0.07844145903323564,7.509204844486466e-17,1.3032881961188077e-05,0.03411329477686052,8.673617379884035e-18,1.0,1.182079458777615,1.0,0.5241825999983121
555,316,551,246.02515502259723,-0.0075906931919930256,0.03591927457399816,0.03671257153969523,20.375477204530853,1.4539632184201917e-17,0.043396100660652234,24.08483586666199,0.9999999999999998,1.0000000000000002,316,1,39,39,0.043396100660652234,24.08483586666199,0.08419864859868635,2.498015421361843e-13,0.00030592890809225863,0.036712571539695246,1.4539632184201917e-17,0.9999999999999982,1.1820501490539959,1.0,51,51,0.043396100660652234,24.08483586666199,0.08419864859868635,8.546367268795468e-17,1.2985958931904879e-05,0.036712571539695246,1.4539632184201917e-17,1.0,1.1820501490539959,1.0,0.5477573999960441
556,317,552,246.6603374171971,-0.007768611794978222,0.03387462529485128,0.03475401513620625,19.323232415730672,8.182674270850422e-18,0.04108137838257905,22.84124638071395,0.9999999999999998,0.9999999999999994,317,1,39,39,0.04108137838257905,22.84124638071395,0.07986339472263813,2.2791099919757125e-13,0.0003051039315395579,0.034754015136206254,8.182674270850422e-18,0.999999999999998,1.1820613595745673,1.0,51,51,0.04108137838257905,22.84124638071395,0.07986339472263813,7.68317435089908e-17,1.2939288856684436e-05,0.034754015136206254,8.182674270850422e-18,1.0,1.1820613595745673,1.0,0.5270623000105843
557,317,553,246.8562768693206,-0.007486691523129107,0.03659062122798255,0.03734868286582782,20.803216356266095,1.4304896245381992e-17,0.04414733206909599,24.590063962486468,0.9999999999999998,0.9999999999999994,317,1,39,39,0.04414733206909599,24.590063962486468,0.08560340672668322,2.5537927816062284e-13,0.00030428265609122856,0.037348682865827834,1.4304896245381992e-17,0.9999999999999982,1.1820318330285375,1.0,51,51,0.04414733206909599,24.590063962486468,0.08560340672668322,8.7299089125086e-17,1.2892869920612153e-05,0.037348682865827834,1.4304896245381992e-17,1.0,1.1820318330285375,1.0,0.6088149000133853
558,318,554,247.49151403981944,-0.007669433193301566,0.03455086555000177,0.035391842503051676,19.748648116702835,2.168404344971009e-17,0.0418346905864631,23.34375734724641,0.9999999999999998,0.9999999999999982,318,1,39,39,0.0418346905864631,23.34375734724641,0.08127720597756731,2.3326472117729593e-13,0.0003034650585428686,0.0353918425030517,2.168404344971009e-17,0.9999999999999981,1.1820433079418198,1.0,51,51,0.0418346905864631,23.34375734724641,0.08127720597756731,7.857589203668652e-17,1.2846700325021518e-05,0.0353918425030517,2.168404344971009e-17,1.0,1.1820433079418198,1.0,0.6313185999752022
559,318,555,247.68738394704985,-0.007381692428884801,0.037257459172466034,0.037981675148716504,21.231756408132526,1.5515838457795457e-17,0.044894855362094685,25.09622414741093,0.9999999999999998,0.9999999999999982,318,1,39,39,0.044894855362094685,25.09622414741093,0.08699961032929472,2.609746583426965e-13,0.0003026511158767897,0.03798167514871652,1.5515838457795457e-17,0.9999999999999982,1.1820135680248371,1.0,51,51,0.044894855362094685,25.09622414741093,0.08699961032929472,8.913781261790731e-17,1.2800778287319868e-05,0.03798167514871652,1.5515838457795457e-17,1.0,1.1820135680248371,1.0,0.6994240999920294
560,319,556,248.32267556537846,-0.00756897389045882,0.035222657169211885,0.0360267254106487,20.17496622996327,2.223222581375413e-17,0.04258450105776156,23.847320592346474,0.9999999999999998,1.0000000000000022,319,1,39,39,0.04258450105776156,23.847320592346474,0.08268280490347113,2.386380631145404e-13,0.0003018408052601845,0.036026725410648726,2.223222581375413e-17,0.9999999999999981,1.1820253040587068,1.0,51,51,0.04258450105776156,23.847320592346474,0.08268280490347113,8.032423023815981e-17,1.2755102040816327e-05,0.036026725410648726,2.223222581375413e-17,1.0,1.1820253040587068,1.0,0.7070554999809247
561,320,557,248.9578091072761,-0.007741259027579637,0.03319940660453955,0.03408999398981507,19.124486628286252,2.2551405187698492e-17,0.040295605024515,22.605834418752913,0.9999999999999998,0.9999999999999993,320,1,39,39,0.040295605024515,22.605834418752913,0.07839017959277773,2.1772240206911561e-13,0.00030103410404331486,0.03408999398981509,2.2551405187698492e-17,0.9999999999999981,1.1820361434077682,1.0,51,51,0.040295605024515,22.605834418752913,0.07839017959277773,7.222416344740815e-17,1.2709669834551873e-05,0.03408999398981509,2.2551405187698492e-17,1.0,1.1820361434077682,1.0,0.5875911999901291
562,320,558,249.15382215443162,-0.007467357851958728,0.035890010980115204,0.03665861865158042,20.602143682188196,2.1942709178604383e-17,0.043330756617461455,24.351885219013337,0.9999999999999998,0.9999999999999993,320,1,39,39,0.043330756617461455,24.351885219013337,0.08408011778605307,2.4403026102049243e-13,0.00030023098975772084,0.03665861865158044,2.1942709178604383e-17,0.9999999999999981,1.1820073481026647,1.0,51,51,0.043330756617461455,24.351885219013337,0.08408011778605307,8.207650739163187e-17,1.2664479933131545e-05,0.03665861865158044,2.1942709178604383e-17,1.0,1.1820073481026647,1.0,0.5892231999896467
563,321,559,249.78901009516744,-0.007644530986993148,0.03387149651369469,0.03472343776310649,19.549295460628954,1.5922644930580816e-17,0.041043744020542394,23.107627883565367,0.9999999999999998,0.9999999999999999,321,1,39,39,0.041043744020542394,23.107627883565367,0.07979610168685956,2.228978242826016e-13,0.00029943144011445087,0.034723437763106504,1.5922644930580816e-17,0.999999999999998,1.1820184481892286,1.0,51,51,0.041043744020542394,23.107627883565367,0.07979610168685956,7.38890524427852e-17,1.2619530616558717e-05,0.034723437763106504,1.5922644930580816e-17,0.9999999999999999,1.1820184481892286,1.0,0.6838796000229195
564,321,560,249.9849539653295,-0.0073646986300314994,0.03655294112903775,0.037287481694183736,21.030139675519628,7.757919228897728e-18,0.04407340961575222,24.857403023284252,0.9999999999999998,1.0,321,1,39,39,0.04407340961575222,24.857403023284252,0.0854690814215826,2.4944057777855206e-13,0.0002986354330023117,0.03728748169418375,7.757919228897728e-18,0.9999999999999981,1.1819894402422726,1.0,51,51,0.04407340961575222,24.857403023284252,0.0854690814215826,8.383248252839053e-17,1.2574820180071425e-05,0.03728748169418375,7.757919228897728e-18,1.0,1.1819894402422726,1.0,0.6346503999957349
565,322,561,250.6201959822349,-0.00754646956697366,0.03453922779264596,0.035354030313919614,19.975027127364584,1.514782153580212e-17,0.04178849203960497,23.610498002376808,0.9999999999999998,1.0000000000000004,322,1,39,39,0.04178849203960497,23.610498002376808,0.08119402896806957,2.2809324465092186e-13,0.00029784294648613896,0.03535403031391963,1.514782153580212e-17,0.9999999999999981,1.1820007978878713,1.0,51,51,0.04178849203960497,23.610498002376808,0.08119402896806957,7.555845404526223e-17,1.2530346933980735e-05,0.03535403031391963,1.514782153580212e-17,1.0,1.1820007978878713,1.0,0.6305310999741778
566,323,562,251.2552815976944,-0.0077132264161407825,0.03253697093767673,0.033438725148334715,18.926318433957448,1.4539632184201917e-17,0.03952495026280031,22.371121848744977,0.9999999999999998,0.9999999999999992,323,1,39,39,0.03952495026280031,22.371121848744977,0.07694337068345174,2.080950651518167e-13,0.00029705395880508733,0.03343872514833472,1.4539632184201917e-17,0.999999999999998,1.1820112784643255,1.0,51,51,0.03952495026280031,22.371121848744977,0.07694337068345174,6.794953686566788e-17,1.2486109203511094e-05,0.03343872514833472,1.4539632184201917e-17,1.0,1.1820112784643255,1.0,0.7078622999833897
567,323,563,251.45136692747644,-0.007447202677260086,0.0352026082463747,0.0359817239034474,20.401637453254676,2.168404344971009e-17,0.04252979289837317,24.11439257337759,0.9999999999999998,0.9999999999999992,323,1,39,39,0.04252979289837317,24.11439257337759,0.08258388114225666,2.3330791497667357e-13,0.0002962684483709404,0.03598172390344742,2.168404344971009e-17,0.9999999999999981,1.1819831927035158,1.0,51,51,0.04252979289837317,24.11439257337759,0.08258388114225666,7.723212442053066e-17,1.2442105328642659e-05,0.03598172390344742,2.168404344971009e-17,1.0,1.1819831927035158,1.0,0.6645788000023458
568,324,564,252.086506569059,-0.007618915787770547,0.03320493294156183,0.03406780664255856,19.350514172973263,1.5515838457795457e-17,0.040267940674342195,22.87219030302637,0.9999999999999998,0.9999999999999986,324,1,39,39,0.040267940674342195,22.87219030302637,0.07834139504489501,2.1309991742559054e-13,0.00029548639376643983,0.034067806642558575,1.5515838457795457e-17,0.999999999999998,1.1819939304233997,1.0,51,51,0.040267940674342195,22.87219030302637,0.07834139504489501,6.953952763544616e-17,1.2398333663955564e-05,0.034067806642558575,1.5515838457795457e-17,1.0,1.1819939304233997,1.0,0.6824764999910258
569,324,565,252.2825230877241,-0.007346846897941079,0.03586164942356418,0.036606475639159905,20.829084638681987,1.4539632184201917e-17,0.04326759614429641,24.619262206104654,0.9999999999999998,0.9999999999999983,324,1,39,39,0.04326759614429641,24.619262206104654,0.08396558885175462,2.385411137825103e-13,0.0002947077737436334,0.03660647563915992,1.4539632184201917e-17,0.9999999999999981,1.1819656328240118,1.0,51,51,0.04326759614429641,24.619262206104654,0.08396558885175462,7.890982923467109e-17,1.2354792578476098e-05,0.03660647563915992,1.4539632184201917e-17,1.0,1.1819656328240118,1.0,0.6226015999855008
570,325,566,252.9177164380345,-0.007523219194290507,0.03386862548322555,0.0346941294626099,19.775653793687642,2.1457344368072987e-17,0.041007650035660856,23.37436052032669,0.9999999999999998,1.000000000000002,325,1,39,39,0.041007650035660856,23.37436052032669,0.07973164114599238,2.1812508702668282e-13,0.0002939325672222425,0.03469412946260992,2.1457344368072987e-17,0.999999999999998,1.1819766246002823,1.0,51,51,0.041007650035660856,23.37436052032669,0.07973164114599238,7.113430514991351e-17,1.2311480455524777e-05,0.03469412946260992,2.1457344368072987e-17,1.0,1.1819766246002823,1.0,0.8028239000122994
571,326,567,253.55275502727198,-0.007684548228657903,0.03188697082857132,0.032799865702480065,18.728723316116117,1.4304896245381992e-17,0.038769006935039596,22.137102959907608,0.9999999999999998,1.0000000000000002,326,1,39,39,0.038769006935039596,22.137102959907608,0.07552231035235993,1.989911380059887e-13,0.0002931607532880471,0.03279986570248007,1.4304896245381992e-17,0.9999999999999979,1.1819867583210315,1.0,51,51,0.038769006935039596,22.137102959907608,0.07552231035235993,6.397950114117244e-17,1.2268395692566273e-05,0.03279986570248007,1.4304896245381992e-17,1.0,1.1819867583210315,1.0,0.763621600024635
572,326,568,253.7489113620702,-0.007426267941112802,0.034528052654223894,0.035317642554763724,20.201691541324852,1.514782153580212e-17,0.0417440182332908,23.877578429442337,0.9999999999999998,1.0000000000000002,326,1,39,39,0.0417440182332908,23.877578429442337,0.08111402031432198,2.231698360944293e-13,0.0002923923111912905,0.03531764255476374,1.514782153580212e-17,0.999999999999998,1.1819593612048793,1.0,51,51,0.0417440182332908,23.877578429442337,0.08111402031432198,7.273363082387061e-17,1.2225536701061176e-05,0.03531764255476374,1.514782153580212e-17,1.0,1.1819593612048793,1.0,0.667956100020092
573,327,569,254.38400360901792,-0.007592624730713519,0.03255082620355088,0.03342460526072398,19.15229881439484,1.5922644930580816e-17,0.039506872274492226,22.637437813284045,0.9999999999999998,0.9999999999999989,327,1,39,39,0.039506872274492226,22.637437813284045,0.07691242771143551,2.0383274534787232e-13,0.00029162722034510076,0.033424605260723994,1.5922644930580816e-17,0.999999999999998,1.1819697485228133,1.0,51,51,0.039506872274492226,22.637437813284045,0.07691242771143551,6.549868550608416e-17,1.2182901906319576e-05,0.033424605260723994,1.5922644930580816e-17,1.0,1.1819697485228133,1.0,0.7154399999999441
574,327,570,254.58009149648976,-0.007328181731184047,0.03518322342738881,0.03593830071423551,20.628584609971185,2.0978681678024108e-17,0.04247699207003577,24.38179344820053,0.9999999999999998,0.999999999999999,327,1,39,39,0.04247699207003577,24.38179344820053,0.08248845715415462,2.282334585990828e-13,0.00029086546032393106,0.03593830071423553,2.0978681678024108e-17,0.9999999999999981,1.181942140442111,1.0,51,51,0.04247699207003577,24.38179344820053,0.08248845715415462,7.433727705487449e-17,1.2140489747356409e-05,0.03593830071423553,2.0978681678024108e-17,1.0,1.181942140442111,1.0,0.6258781999931671
575,328,571,255.21523708890098,-0.007499261589249805,0.03321050019722119,0.03404667748450098,19.576839553588062,1.3904866443919908e-17,0.040241565046598926,23.13889990179438,0.9999999999999998,0.9999999999999984,328,1,39,39,0.040241565046598926,23.13889990179438,0.07829498117442009,2.086949327075722e-13,0.0002901070108620171,0.03404667748450099,1.3904866443919908e-17,0.999999999999998,1.1819527783560684,1.0,51,51,0.040241565046598926,23.13889990179438,0.07829498117442009,6.702288646032427e-17,1.2098298676748583e-05,0.03404667748450099,1.3904866443919908e-17,1.0,1.1819527783560684,1.0,0.6201910999952815
576,328,572,255.41125699452516,-0.007229070306549879,0.035834150025871495,0.036556063321612015,21.05629247324852,6.992893892674703e-18,0.04320652377086866,24.886957692020346,0.9999999999999998,0.9999999999999984,328,1,39,39,0.04320652377086866,24.886957692020346,0.08385488661108476,2.333152731716477e-13,0.00028935185185185184,0.03655606332161202,6.992893892674703e-18,0.999999999999998,1.1819249625088837,1.0,52,52,0.04320652377086866,24.886957692020346,0.08385488661108476,3.426689252812466e-17,1.2056327160493826e-05,0.03655606332161202,6.992893892674703e-18,1.0,1.1819249625088837,1.0,0.6960893999785185
577,329,573,256.046455622832,-0.007404593280019306,0.03386599375438363,0.034666028538245595,20.00229846656771,7.757919228897728e-18,0.040973021838590896,23.641433600866947,0.9999999999999998,0.9999999999999983,329,1,39,39,0.040973021838590896,23.641433600866947,0.07966987491572106,2.135769756742584e-13,0.0002885999633426782,0.0346660285382456,7.757919228897728e-18,0.999999999999998,1.1819358480417523,1.0,52,52,0.040973021838590896,23.641433600866947,0.07966987491572106,3.0892201097380085e-17,1.2014573677871258e-05,0.0346660285382456,7.757919228897728e-18,1.0,1.1819358480417523,1.0,0.6149320999975316
578,330,574,256.6815013545354,-0.007565689528101024,0.03190883742656709,0.0327934988061766,18.954642309970076,7.757919228897728e-18,0.038760141343257594,22.40336169640289,0.9999999999999998,0.9999999999999979,330,1,39,39,0.038760141343257594,22.40336169640289,0.075508555746047,1.9506105725308815e-13,0.00028785132553899755,0.03279349880617661,7.757919228897728e-18,0.9999999999999979,1.181945896421311,1.0,52,52,0.038760141343257594,22.40336169640289,0.075508555746047,2.7788084246687186e-17,1.1973036721303624e-05,0.03279349880617661,7.757919228897728e-18,0.9999999999999999,1.181945896421311,1.0,0.7700470999989193
579,330,575,256.877659364636,-0.007308743245554027,0.034517313213467925,0.035282611004658924,20.428631771697518,2.126363438126899e-17,0.0417011868272569,24.144987172981747,0.9999999999999998,0.9999999999999978,330,1,39,39,0.0417011868272569,24.144987172981747,0.08103702773229617,2.1847818384352732e-13,0.00028710591879909595,0.035282611004658945,2.126363438126899e-17,0.999999999999998,1.1819189578047506,1.0,52,52,0.0417011868272569,24.144987172981747,0.08103702773229617,3.158168275960134e-17,1.1931714796221226e-05,0.035282611004658945,2.126363438126899e-17,1.0,1.1819189578047506,1.0,0.9827324000070803
580,331,576,257.51275808267627,-0.007474629255799304,0.03256451469053753,0.033411340882129915,19.37857771163535,7.152448122690996e-18,0.039489841183040164,22.904107886163295,0.9999999999999998,0.9999999999999997,331,1,39,39,0.039489841183040164,22.904107886163295,0.07688340959431053,1.997671684468425e-13,0.0002863637236335861,0.03341134088212992,7.152448122690996e-18,0.999999999999998,1.1819292533740045,1.0,52,52,0.039489841183040164,22.904107886163295,0.07688340959431053,2.844272545698309e-17,1.1890606420927467e-05,0.03341134088212992,7.152448122690996e-18,1.0,1.1819292533740045,1.0,0.7540348000184167
581,331,577,257.70884846608635,-0.007211824153069186,0.0351644683859374,0.03589638205279723,20.85579797267519,2.7809732887839817e-17,0.042426009612692835,24.649511584974537,0.9999999999999998,0.9999999999999998,331,1,39,39,0.042426009612692835,24.649511584974537,0.08239636879617332,2.2339789036918728e-13,0.0002856247207039664,0.03589638205279726,2.7809732887839817e-17,0.999999999999998,1.1819021078584375,1.0,52,52,0.042426009612692835,24.649511584974537,0.08239636879617332,3.227306859712598e-17,1.184971012646603e-05,0.03589638205279726,2.7809732887839817e-17,1.0,1.1819021078584375,1.0,0.697828699980164
582,332,578,258.34399986585436,-0.00738221328355726,0.03321609610841618,0.03402655012850215,19.80345217478825,2.0888836804026048e-17,0.040216409955361875,23.40595059402061,0.9999999999999998,1.0000000000000009,332,1,39,39,0.040216409955361875,23.40595059402061,0.07825081099079545,2.044933661454374e-13,0.00028488889082119525,0.03402655012850217,2.0888836804026048e-17,0.9999999999999979,1.1819126477260715,1.0,52,52,0.040216409955361875,23.40595059402061,0.07825081099079545,2.909955996969573e-17,1.1809024456489649e-05,0.03402655012850217,2.0888836804026048e-17,1.0,1.1819126477260715,1.0,0.6010069000185467
583,333,579,258.97899993749814,-0.007538139831948712,0.03127864447810852,0.0321741690260047,18.75754054216074,1.411962612463446e-17,0.03802737004991157,22.169956739098446,0.9999999999999998,0.9999999999999993,333,1,39,39,0.03802737004991157,22.169956739098446,0.07412916719168287,1.8675238355364214e-13,0.0002841562149442821,0.032174169026004715,1.411962612463446e-17,0.9999999999999978,1.1819223681946855,1.0,52,52,0.03802737004991157,22.169956739098446,0.07412916719168287,2.61787813368134e-17,1.1768547967130445e-05,0.032174169026004715,1.411962612463446e-17,1.0,1.1819223681946855,1.0,0.5501265000202693
584,333,580,259.17522685640705,-0.007288568608547949,0.033863584499301554,0.03463907601976195,20.229220395540978,6.938893903907228e-18,0.04093978815261611,23.908836281127808,0.9999999999999998,0.9999999999999994,333,1,39,39,0.04093978815261611,23.908836281127808,0.07961067086718769,2.0923896962314208e-13,0.00028342667417889314,0.034639076019761954,6.938893903907228e-18,0.999999999999998,1.1818960797123903,1.0,52,52,0.04093978815261611,23.908836281127808,0.07961067086718769,2.9758491060361816e-17,1.1728279226871834e-05,0.034639076019761954,6.938893903907228e-18,1.0,1.1818960797123903,1.0,0.6639647999836598
585,334,581,259.81027955935406,-0.0074493552037941,0.03193034647038991,0.03278780136989115,19.180863801386323,7.152448122690996e-18,0.03875210060905117,22.669978856294932,0.9999999999999998,1.0000000000000007,334,1,39,39,0.03875210060905117,22.669978856294932,0.07549631579366539,1.913089742475127e-13,0.0002827002497759737,0.03278780136989116,7.152448122690996e-18,0.9999999999999979,1.1819060440154123,1.0,52,52,0.03875210060905117,22.669978856294932,0.07549631579366539,2.6804357280101054e-17,1.1688216816421945e-05,0.03278780136989116,7.152448122690996e-18,1.0,1.1819060440154123,1.0,0.6216396999952849
586,334,582,260.0064392046584,-0.007193810922069861,0.03450698719048336,0.0352488734649304,20.655839850449215,1.3904866443919908e-17,0.04165992269324575,24.41271469824201,0.9999999999999998,1.0000000000000007,334,1,39,39,0.04165992269324575,24.41271469824201,0.08096291251394473,2.1400332576888886e-13,0.0002819769231303848,0.035248873464930414,1.3904866443919908e-17,0.9999999999999979,1.1818795495604644,1.0,52,52,0.04165992269324575,24.41271469824201,0.08096291251394473,3.0419426152327275e-17,1.1648359328588568e-05,0.035248873464930414,1.3904866443919908e-17,1.0,1.1818795495604644,1.0,0.5735249000135809
587,335,583,260.6415442391459,-0.007359163528962812,0.03257803598480968,0.03339888795264853,19.60514722820469,2.6020852139652106e-18,0.039473803495785886,23.171122652026316,0.9999999999999998,1.000000000000001,335,1,39,39,0.039473803495785886,23.171122652026316,0.07685621682090794,1.9588583535060923e-13,0.0002812566757795557,0.03339888795264853,2.6020852139652106e-18,0.9999999999999978,1.181889754884956,1.0,52,52,0.039473803495785886,23.171122652026316,0.07685621682090794,2.743220447703743e-17,1.1608705368155579e-05,0.03339888795264853,2.6020852139652106e-18,1.0,1.181889754884956,1.0,0.6846540000115056
588,335,584,260.83763705895205,-0.007098046382012502,0.03514631468245297,0.03585590186007333,21.083270293723118,1.3904866443919908e-17,0.04237676580142785,24.917538291239577,0.9999999999999998,1.000000000000001,335,1,39,39,0.04237676580142785,24.917538291239577,0.08230746937125362,2.1878580413012244e-13,0.00028053948940215054,0.03585590186007334,1.3904866443919908e-17,0.999999999999998,1.1818630574905638,1.0,52,52,0.04237676580142785,24.917538291239577,0.08230746937125362,3.108227609494839e-17,1.156925355176084e-05,0.03585590186007334,1.3904866443919908e-17,1.0,1.1818630574905638,1.0,0.8935179999971297
589,336,585,261.47279412773196,-0.007267694807453797,0.033221712686820795,0.03400737540093267,20.030344111149343,2.6020852139652106e-18,0.04019241582643985,23.67333292177307,0.9999999999999998,0.9999999999999997,336,1,39,39,0.04019241582643985,23.67333292177307,0.07820877393958146,2.004822971018414e-13,0.00027982534581675017,0.03400737540093267,2.6020852139652106e-18,0.9999999999999979,1.1818735010446455,1.0,52,52,0.04019241582643985,23.67333292177307,0.07820877393958146,2.8062228762231984e-17,1.1530002507775546e-05,0.03400737540093267,2.6020852139652106e-18,1.0,1.1818735010446455,1.0,0.7668327999999747
590,337,586,262.10780165149436,-0.007423469664172294,0.03130768059770995,0.032175748107279654,18.983691383294996,6.938893903907228e-18,0.03802797435623842,22.436504870180666,0.9999999999999998,0.9999999999999998,337,1,39,39,0.03802797435623842,22.436504870180666,0.0741331004804666,1.83290032190307e-13,0.00027911422698054857,0.03217574810727965,6.938893903907228e-18,0.9999999999999978,1.1818831447040923,1.0,52,52,0.03802797435623842,22.436504870180666,0.0741331004804666,2.5279390637056275e-17,1.1490950876185005e-05,0.03217574810727965,6.938893903907228e-18,0.9999999999999999,1.1818831447040923,1.0,0.8018405000038911
591,337,587,262.30402937399697,-0.007175068181594607,0.03386138154349538,0.03461321660066716,20.45641101099429,6.938893903907228e-18,0.04090788211850114,24.176558332034173,0.9999999999999998,0.9999999999999997,337,1,39,39,0.04090788211850114,24.176558332034173,0.0795539051060003,2.050977210891784e-13,0.0002784061149880633,0.034613216600667164,6.938893903907228e-18,0.9999999999999979,1.1818572827384282,1.0,52,52,0.04090788211850114,24.176558332034173,0.0795539051060003,2.8694340556364065e-17,1.1452097308470831e-05,0.034613216600667164,6.938893903907228e-18,0.9999999999999999,1.1818572827384282,1.0,0.821537999989232
592,338,588,262.93908888305043,-0.0073354742759228694,0.031951499108435706,0.03278273140128952,19.407376989563396,7.757919228897728e-18,0.03874483379558186,22.93694160698446,0.9999999999999998,0.9999999999999992,338,1,39,39,0.03874483379558186,22.93694160698446,0.07548549499818258,1.8772374057582602e-13,0.00027770099206986026,0.032782731401289525,7.757919228897728e-18,0.9999999999999979,1.181867164188089,1.0,52,52,0.03874483379558186,22.93694160698446,0.07548549499818258,2.5879809750042016e-17,1.1413440467494522e-05,0.032782731401289525,7.757919228897728e-18,1.0,1.181867164188089,1.0,0.6130951000086498
593,338,589,263.1352501248814,-0.007081392587659905,0.034497050819476474,0.03521636886764601,20.883306738514083,8.182674270850422e-18,0.041620152127593166,24.680750211662748,0.9999999999999998,0.999999999999999,338,1,39,39,0.041620152127593166,24.680750211662748,0.08089153832387598,2.0973149024176396e-13,0.00027699884059129235,0.03521636886764602,8.182674270850422e-18,0.9999999999999978,1.1818411002001528,1.0,52,52,0.041620152127593166,24.680750211662748,0.08089153832387598,2.932845344710177e-17,1.1374979027382418e-05,0.03521636886764602,8.182674270850422e-18,0.9999999999999999,1.1818411002001528,1.0,0.6661191000021063
594,339,590,263.7703613266495,-0.007246153120770389,0.032591385071771235,0.03338719988178289,19.831996729779036,7.757919228897728e-18,0.03945870280342571,23.438469465234874,0.9999999999999998,0.9999999999999984,339,1,39,39,0.03945870280342571,23.438469465234874,0.07683074395607507,1.921772097177423e-13,0.00027629964305125193,0.033387199881782896,7.757919228897728e-18,0.9999999999999978,1.18185121672799,1.0,52,52,0.03945870280342571,23.438469465234874,0.07683074395607507,2.648247277884489e-17,1.1336711673412011e-05,0.033387199881782896,7.757919228897728e-18,1.0,1.18185121672799,1.0,0.8098846999928355
595,340,591,264.4053244846022,-0.007396998289340763,0.030696217034299624,0.03157488438473428,18.787056208916894,1.0971354589302191e-17,0.03731711022397087,22.203680583262667,0.9999999999999998,1.0000000000000002,340,1,39,39,0.03731711022397087,22.203680583262667,0.07279319137474155,1.7568234769886617e-13,0.00027560338208093706,0.03157488438473429,1.0971354589302191e-17,0.9999999999999978,1.1818605499633381,1.0,52,52,0.03731711022397087,22.203680583262667,0.07279319137474155,2.385857224134368e-17,1.1298637101899583e-05,0.03157488438473429,1.0971354589302191e-17,1.0,1.1818605499633381,1.0,0.8223574000003282
596,340,592,264.6016191297466,-0.0071556290351620444,0.03322734023083764,0.03398910363196852,20.25750576465324,2.0888836804026048e-17,0.040169522575262295,23.941035454856326,0.9999999999999998,1.0000000000000004,340,1,39,39,0.040169522575262295,23.941035454856326,0.07816875818353021,1.9664981088894193e-13,0.000274910040442631,0.03398910363196854,2.0888836804026048e-17,0.9999999999999978,1.181835302578582,1.0,52,52,0.040169522575262295,23.941035454856326,0.07816875818353021,2.708729244994644e-17,1.1260754020089185e-05,0.03398910363196854,2.0888836804026048e-17,1.0,1.181835302578582,1.0,1.070754999993369
597,341,593,265.23663393064,-0.0073111743816971385,0.03133618612438125,0.03217778475379324,19.210137498014564,6.992893892674703e-18,0.03802914985294863,22.70340246221033,0.9999999999999998,0.9999999999999981,341,1,39,39,0.03802914985294863,22.70340246221033,0.07413807683421164,1.799787847885402e-13,0.0002742196010284952,0.032177784753793244,6.992893892674703e-18,0.9999999999999978,1.1818448704261908,1.0,52,52,0.03802914985294863,22.70340246221033,0.07413807683421164,2.443302842728124e-17,1.1223061146042889e-05,0.032177784753793244,6.992893892674703e-18,1.0,1.1818448704261908,1.0,0.8357034999935422
598,341,594,265.4328624378894,-0.00706401390433847,0.033859370472237416,0.03458839778331616,20.683861874423066,2.110382192020081e-17,0.04087724027568983,24.444589684862517,0.9999999999999998,0.9999999999999983,341,1,39,39,0.04087724027568983,24.444589684862517,0.07949946001074143,2.0114093933993892e-13,0.00027353204685937483,0.034588397783316176,2.110382192020081e-17,0.999999999999998,1.18181942198569,1.0,52,52,0.04087724027568983,24.444589684862517,0.07949946001074143,2.7694184954706224e-17,1.1185557208532343e-05,0.034588397783316176,2.110382192020081e-17,1.0,1.18181942198569,1.0,0.9120182000042405
599,342,595,266.0679285937105,-0.007223975538144673,0.03197230181027368,0.03277825354748087,19.634173874941045,2.126363438126899e-17,0.03873829788219983,23.2042404314377,0.9999999999999998,1.0000000000000002,342,1,39,39,0.03873829788219983,23.2042404314377,0.07547601307268148,1.8429510483305626e-13,0.0002728473610836183,0.032778253547480894,2.126363438126899e-17,0.9999999999999978,1.181829221806633,1.0,52,52,0.03873829788219983,23.2042404314377,0.07547601307268148,2.5009782336599744e-17,1.1148240946931587e-05,0.032778253547480894,2.126363438126899e-17,1.0,1.181829221806633,1.0,0.7005784999928437
600,342,596,266.2640913947487,-0.006971410500549379,0.03448748478959146,0.03518504187121955,21.11102512273173,2.823925224926892e-17,0.0415818082765798,24.94908496594788,0.9999999999999998,1.0000000000000002,342,1,39,39,0.0415818082765798,24.94908496594788,0.08082278175718963,2.0565001129426349e-13,0.0002721655269759087,0.03518504187121957,2.823925224926892e-17,0.9999999999999978,1.1818035751889395,1.0,52,52,0.0415818082765798,24.94908496594788,0.08082278175718963,2.830306952461075e-17,1.1111111111111112e-05,0.03518504187121957,2.823925224926892e-17,1.0,1.1818035751889395,1.0,0.766744499997003
